scenario-csv,1
id,owner,kind,type,name,source,speaker,text,portrait,background,voice,position,speed,slide,effect,seconds,argument,sprite,color,next,loop,window,data
58bbba13c9cb7a1ac2e0a36c2892c768,,scenario,ScenarioSystem.Model.ScenarioData,Ch1_00,5f3d7c94bc211594e9d7a63cd19696ab:11400000,,,,,,,,,,,Ch1_Story,,,84e8262e2a6914bdaa942a028603b4fe:11400000,false,true,"{""version"":1,""type"":""ScenarioSystem.Model.ScenarioData"",""properties"":[]}"
210d64343d0d8665173c9c3f165a8221,58bbba13c9cb7a1ac2e0a36c2892c768,action,ScenarioSystem.Model.Actions.DialogueAction,Ch1_Prologue,d1143a7119017456ba80b7368f804e2a:11400000,渡し守,..........................。,,8f6b3314d28181b40888c6cece606878:21300000,,Center,0,Default,,,block_1,,,,,,"{""version"":1,""type"":""ScenarioSystem.Model.Actions.DialogueAction"",""properties"":[]}"
52e4c3e2133e07c6afc82baf772b10b4,58bbba13c9cb7a1ac2e0a36c2892c768,action,ScenarioSystem.Model.Actions.DialogueAction,Ch1_Prologue,d1143a7119017456ba80b7368f804e2a:11400000,渡し守,お客さん。そろそろ向こう岸に着きやすぜ。,,8f6b3314d28181b40888c6cece606878:21300000,,Right,0,Default,,,block_1,,,,,,"{""version"":1,""type"":""ScenarioSystem.Model.Actions.DialogueAction"",""properties"":[]}"
a3286ce9f8691a4c6ef94fc88879f819,58bbba13c9cb7a1ac2e0a36c2892c768,action,ScenarioSystem.Model.Actions.DialogueAction,Ch1_Prologue,d1143a7119017456ba80b7368f804e2a:11400000,？？？,....。,,8f6b3314d28181b40888c6cece606878:21300000,,Left,0,Default,,,block_1,,,,,,"{""version"":1,""type"":""ScenarioSystem.Model.Actions.DialogueAction"",""properties"":[]}"
9f177c182ad1cdc1258764717f6343b0,58bbba13c9cb7a1ac2e0a36c2892c768,action,ScenarioSystem.Model.Actions.DialogueAction,Ch1_Prologue,d1143a7119017456ba80b7368f804e2a:11400000,渡し守,着いた先で何が起こるかは、お客さん次第でさァ。,,8f6b3314d28181b40888c6cece606878:21300000,,Right,0,Default,,,block_1,,,,,,"{""version"":1,""type"":""ScenarioSystem.Model.Actions.DialogueAction"",""properties"":[]}"
70eb292af4a92205b26425f64b9574b3,58bbba13c9cb7a1ac2e0a36c2892c768,action,ScenarioSystem.Model.Actions.DialogueAction,Ch1_Prologue,d1143a7119017456ba80b7368f804e2a:11400000,？？？,....、..........。,,8f6b3314d28181b40888c6cece606878:21300000,,Left,0,Default,,,block_1,,,,,,"{""version"":1,""type"":""ScenarioSystem.Model.Actions.DialogueAction"",""properties"":[]}"
8bae072025eee91ec452c52633c6bd7d,58bbba13c9cb7a1ac2e0a36c2892c768,action,ScenarioSystem.Model.Actions.DialogueAction,Ch1_Prologue,d1143a7119017456ba80b7368f804e2a:11400000,渡し守,最期に、何か言い残すことはありやすか？,,8f6b3314d28181b40888c6cece606878:21300000,,Center,0,Right,,,block_1,,,,,,"{""version"":1,""type"":""ScenarioSystem.Model.Actions.DialogueAction"",""properties"":[]}"
a341113c6e2ae383be6628e89ae27597,58bbba13c9cb7a1ac2e0a36c2892c768,action,ScenarioSystem.Model.Actions.DialogueAction,Ch1_Prologue,d1143a7119017456ba80b7368f804e2a:11400000,渡し守,"...おっと、これじゃァまるであっしが""悪役""のようで。",,8f6b3314d28181b40888c6cece606878:21300000,,Right,0,Default,,,block_1,,,,,,"{""version"":1,""type"":""ScenarioSystem.Model.Actions.DialogueAction"",""properties"":[]}"
76ac380b7b460987c4820cd94734fa53,58bbba13c9cb7a1ac2e0a36c2892c768,action,ScenarioSystem.Model.Actions.DialogueAction,Ch1_Prologue,d1143a7119017456ba80b7368f804e2a:11400000,渡し守,何か、後に来るお客さんに伝えたい事があればお伝えしましょう。,,8f6b3314d28181b40888c6cece606878:21300000,,Right,0,Default,,,block_1,,,,,,"{""version"":1,""type"":""ScenarioSystem.Model.Actions.DialogueAction"",""properties"":[]}"
510638b9dbec2aadf0e74cae3009d326,58bbba13c9cb7a1ac2e0a36c2892c768,action,ScenarioSystem.Model.Actions.DialogueAction,Ch1_Prologue,d1143a7119017456ba80b7368f804e2a:11400000,？？？,.......?,,8f6b3314d28181b40888c6cece606878:21300000,,Left,0,Default,,,block_1,,,,,,"{""version"":1,""type"":""ScenarioSystem.Model.Actions.DialogueAction"",""properties"":[]}"
0f9075462cd066fea7a7d85aa0544acc,58bbba13c9cb7a1ac2e0a36c2892c768,action,ScenarioSystem.Model.Actions.DialogueAction,Ch1_Prologue,d1143a7119017456ba80b7368f804e2a:11400000,渡し守,なに、あっしからのささやかな気づかいでさァ。,,8f6b3314d28181b40888c6cece606878:21300000,,Right,0,Default,,,block_1,,,,,,"{""version"":1,""type"":""ScenarioSystem.Model.Actions.DialogueAction"",""properties"":[]}"
d0eb260816fd600022133713cc5d47b5,58bbba13c9cb7a1ac2e0a36c2892c768,action,ScenarioSystem.Model.Actions.DialogueAction,Ch1_Prologue,d1143a7119017456ba80b7368f804e2a:11400000,渡し守,...お客さんは、何か強い未練があるように見えましてね。,,8f6b3314d28181b40888c6cece606878:21300000,,Right,0,Default,,,block_1,,,,,,"{""version"":1,""type"":""ScenarioSystem.Model.Actions.DialogueAction"",""properties"":[]}"
8e2834780b7ae57befa857c99f3656eb,58bbba13c9cb7a1ac2e0a36c2892c768,action,ScenarioSystem.Model.Actions.DialogueAction,Ch1_Prologue,d1143a7119017456ba80b7368f804e2a:11400000,？？？,.....................。,,8f6b3314d28181b40888c6cece606878:21300000,,Left,0,Default,,,block_1,,,,,,"{""version"":1,""type"":""ScenarioSystem.Model.Actions.DialogueAction"",""properties"":[]}"
dec395a5f39e2ee307b2798b00ea1ad1,58bbba13c9cb7a1ac2e0a36c2892c768,action,ScenarioSystem.Model.Actions.DialogueAction,Ch1_Prologue,d1143a7119017456ba80b7368f804e2a:11400000,渡し守,...えぇ、承りました。確かに、お伝えいたしやす。,,8f6b3314d28181b40888c6cece606878:21300000,,Right,0,Default,,,block_1,,,,,,"{""version"":1,""type"":""ScenarioSystem.Model.Actions.DialogueAction"",""properties"":[]}"
94938fa070a3979061f5f9495e6a345b,58bbba13c9cb7a1ac2e0a36c2892c768,action,ScenarioSystem.Model.Actions.DialogueAction,Ch1_Prologue,d1143a7119017456ba80b7368f804e2a:11400000,渡し守,ああ、それと最期に。,,8f6b3314d28181b40888c6cece606878:21300000,,Center,0,Default,,,block_1,,,,,,"{""version"":1,""type"":""ScenarioSystem.Model.Actions.DialogueAction"",""properties"":[]}"
16191e19b1f61b66b4f3f71658cf4df9,58bbba13c9cb7a1ac2e0a36c2892c768,action,ScenarioSystem.Model.Actions.DialogueAction,Ch1_Prologue,d1143a7119017456ba80b7368f804e2a:11400000,渡し守,向こう岸に踏み入れれば、これまでの記憶は一切合切なくなりやす。,,8f6b3314d28181b40888c6cece606878:21300000,,Center,0,Default,,,block_1,,,,,,"{""version"":1,""type"":""ScenarioSystem.Model.Actions.DialogueAction"",""properties"":[]}"
fb0a1de472695a14263e12e13a160a4c,58bbba13c9cb7a1ac2e0a36c2892c768,action,ScenarioSystem.Model.Actions.DialogueAction,Ch1_Prologue,d1143a7119017456ba80b7368f804e2a:11400000,渡し守,貴方が今言ったことも、あっししか覚えていられないでしょうが...,,8f6b3314d28181b40888c6cece606878:21300000,,Center,0,Default,,,block_1,,,,,,"{""version"":1,""type"":""ScenarioSystem.Model.Actions.DialogueAction"",""properties"":[]}"
2d95e1d6d998f41c7b5e7f427140cae4,58bbba13c9cb7a1ac2e0a36c2892c768,action,ScenarioSystem.Model.Actions.DialogueAction,Ch1_Prologue,d1143a7119017456ba80b7368f804e2a:11400000,渡し守,それもまた、冥府の定めです。,,8f6b3314d28181b40888c6cece606878:21300000,,Center,0,Default,,,block_1,,,,,,"{""version"":1,""type"":""ScenarioSystem.Model.Actions.DialogueAction"",""properties"":[]}"
45157f97d43618bb1975795682b7a18e,58bbba13c9cb7a1ac2e0a36c2892c768,action,ScenarioSystem.Model.Actions.DialogueAction,Ch1_Prologue,d1143a7119017456ba80b7368f804e2a:11400000,渡し守,では、お気をつけて。,,8f6b3314d28181b40888c6cece606878:21300000,,Center,0,Default,,,block_1,,,,,,"{""version"":1,""type"":""ScenarioSystem.Model.Actions.DialogueAction"",""properties"":[]}"
5ca6b5ae071571ad38cd32b144c728d8,58bbba13c9cb7a1ac2e0a36c2892c768,action,ScenarioSystem.Model.Actions.TitleLogoAction,TitleLogoAction,f92fbbf2e27e3694b80a43e708dbb2b0:11400000,,,,,,,,,,,,,,,,,"{""version"":1,""type"":""ScenarioSystem.Model.Actions.TitleLogoAction"",""properties"":[{""path"":""logoSprite"",""kind"":""ObjectReference"",""value"":""cd2e9379604a94e1ab425f236412b27d:21300000""},{""path"":""useNativeLogoSize"",""kind"":""Boolean"",""value"":true},{""path"":""maxLogoSize"",""kind"":""Vector2"",""value"":[1638.4,909.6]},{""path"":""backgroundColor"",""kind"":""Color"",""value"":[0.0,0.0,0.0,1.0]},{""path"":""backgroundFadeInDuration"",""kind"":""Float"",""value"":1.0},{""path"":""logoFadeInDuration"",""kind"":""Float"",""value"":1.2000000476837158},{""path"":""logoDisplayDuration"",""kind"":""Float"",""value"":1.5},{""path"":""logoFadeOutDuration"",""kind"":""Float"",""value"":0.800000011920929},{""path"":""backgroundHoldDuration"",""kind"":""Float"",""value"":0.40000000596046448},{""path"":""backgroundFadeOutDuration"",""kind"":""Float"",""value"":1.0},{""path"":""fadeOutBackgroundAfterLogo"",""kind"":""Boolean"",""value"":false}]}"
e6a2c72bce7131a7bee243c8eb443654,,scenario,ScenarioSystem.Model.ScenarioData,Ch1_01,84e8262e2a6914bdaa942a028603b4fe:11400000,,,,,,,,,,,,,,f44777ccb167b47a0b53d0d98026eb05:11400000,false,true,"{""version"":1,""type"":""ScenarioSystem.Model.ScenarioData"",""properties"":[]}"
a2d000f6e32e9468dad76068c9b4f54a,e6a2c72bce7131a7bee243c8eb443654,action,ScenarioSystem.Model.Actions.CenterPortraitAction,Ch1_Portrait,db4427563bdc94503ae07ac1ea3797a1:11400000,,,,,,,,,,,,,,,,,"{""version"":1,""type"":""ScenarioSystem.Model.Actions.CenterPortraitAction"",""properties"":[{""path"":""sprite"",""kind"":""ObjectReference"",""value"":""d4a4cbdc576484544a0d2f50c078e9a8:21300000""}]}"
f5819625e06c2f3570a9bce3b6a7e75f,e6a2c72bce7131a7bee243c8eb443654,action,ScenarioSystem.Model.Actions.DialogueAction,Ch1_Dialogue,5bbe58c152df1e7438669754f0d0f049:11400000,？？？,あれ...わたし....,b9e78930b7cb34d40b21915e9064a9d0:21300000,ffe0f79a1be1bc745ba03d7de9427399:-3590566777017096083,,Right,0,Default,,,block_2,,,,,,"{""version"":1,""type"":""ScenarioSystem.Model.Actions.DialogueAction"",""properties"":[]}"
f0cbd01cc92849824322e871077354a4,e6a2c72bce7131a7bee243c8eb443654,action,ScenarioSystem.Model.Actions.DialogueAction,Ch1_Dialogue,5bbe58c152df1e7438669754f0d0f049:11400000,？？？,ここはどこ.......?,174500ec22662be46b815ee34892036d:21300000,b1a5acd78786285408ca05417cccc6f8:8317830989643653784,,Right,0,Default,,,block_2,,,,,,"{""version"":1,""type"":""ScenarioSystem.Model.Actions.DialogueAction"",""properties"":[]}"
59ab98aa966101c5cebd2c4f9c5306e2,e6a2c72bce7131a7bee243c8eb443654,action,ScenarioSystem.Model.Actions.DialogueAction,Ch1_Dialogue,5bbe58c152df1e7438669754f0d0f049:11400000,？？？,空が暗い。うぅ...とりあえず、どこか朝を待てる場所を探さなきゃ...,174500ec22662be46b815ee34892036d:21300000,b1a5acd78786285408ca05417cccc6f8:8317830989643653784,,Right,0,Default,,,block_2,,,,,,"{""version"":1,""type"":""ScenarioSystem.Model.Actions.DialogueAction"",""properties"":[]}"
313c8d65de84c0ceae5992ee37e9d8e3,e6a2c72bce7131a7bee243c8eb443654,action,ScenarioSystem.Model.Actions.DialogueAction,Ch1_Dialogue,5bbe58c152df1e7438669754f0d0f049:11400000,？？？,.......何処も同じ景色だなぁ...。,,ffe0f79a1be1bc745ba03d7de9427399:-3590566777017096083,,Right,0,Default,,,block_2,,,,,,"{""version"":1,""type"":""ScenarioSystem.Model.Actions.DialogueAction"",""properties"":[]}"
faceb69ac674212ccbafea00de0ff6cd,e6a2c72bce7131a7bee243c8eb443654,action,ScenarioSystem.Model.Actions.DialogueAction,Ch1_Dialogue,5bbe58c152df1e7438669754f0d0f049:11400000,？？？,.........どれくらい歩いただろう？,,ffe0f79a1be1bc745ba03d7de9427399:-3590566777017096083,,Right,0,Default,,,block_2,,,,,,"{""version"":1,""type"":""ScenarioSystem.Model.Actions.DialogueAction"",""properties"":[]}"
c5cad27f466c65c297d113f76b4e117d,e6a2c72bce7131a7bee243c8eb443654,action,ScenarioSystem.Model.Actions.DialogueAction,Ch1_Dialogue,5bbe58c152df1e7438669754f0d0f049:11400000,？？？,意識は妙にはっきりしてる。,,b1a5acd78786285408ca05417cccc6f8:8317830989643653784,,Right,0,Default,,,block_2,,,,,,"{""version"":1,""type"":""ScenarioSystem.Model.Actions.DialogueAction"",""properties"":[]}"
0ae5f5571e21507a29cba4b94823ea43,e6a2c72bce7131a7bee243c8eb443654,action,ScenarioSystem.Model.Actions.DialogueAction,Ch1_Dialogue,5bbe58c152df1e7438669754f0d0f049:11400000,？？？,"空は一向に明るくならない。
それどころか、暗さを増しているように見えて――",,b1a5acd78786285408ca05417cccc6f8:8317830989643653784,,Right,0,Default,,,block_2,,,,,,"{""version"":1,""type"":""ScenarioSystem.Model.Actions.DialogueAction"",""properties"":[]}"
7245ea8099abda23f25829759c1a093a,e6a2c72bce7131a7bee243c8eb443654,action,ScenarioSystem.Model.Actions.DialogueAction,Ch1_Dialogue,5bbe58c152df1e7438669754f0d0f049:11400000,,（ガサガサ...）,,b1a5acd78786285408ca05417cccc6f8:8317830989643653784,6f23620b7a5059748829045e01213afb:8300000,Right,0,Default,,,block_2,,,,,,"{""version"":1,""type"":""ScenarioSystem.Model.Actions.DialogueAction"",""properties"":[]}"
ae36e467bd6fd9d10eb76b5d897ed228,e6a2c72bce7131a7bee243c8eb443654,action,ScenarioSystem.Model.Actions.DialogueAction,Ch1_Dialogue,5bbe58c152df1e7438669754f0d0f049:11400000,？？？,...?　何かいる？,cf9936dd7a8bad7439b56bf8078612c5:21300000,b1a5acd78786285408ca05417cccc6f8:8317830989643653784,,Right,0,Default,,,block_2,,,,,,"{""version"":1,""type"":""ScenarioSystem.Model.Actions.DialogueAction"",""properties"":[]}"
d322f022be0b17c503bd46cf87bbcbee,e6a2c72bce7131a7bee243c8eb443654,action,ScenarioSystem.Model.Actions.DialogueAction,Ch1_Dialogue,5bbe58c152df1e7438669754f0d0f049:11400000,黒い怪物,.............!!!!!,236453c52231b0e418872210e9dcb804:21300000,b1a5acd78786285408ca05417cccc6f8:8317830989643653784,8b0ef598537b0d14f81e5718907beede:8300000,Center,0,Default,,,block_2,,,,,,"{""version"":1,""type"":""ScenarioSystem.Model.Actions.DialogueAction"",""properties"":[]}"
43c296539591426ca2c5fef1f2ed7b77,e6a2c72bce7131a7bee243c8eb443654,action,ScenarioSystem.Model.Actions.EffectAction,EffectAction,,,,,,,,,,Flash,0,,,#FFFFFFFF,,,,"{""version"":1,""type"":""ScenarioSystem.Model.Actions.EffectAction"",""properties"":[{""path"":""colorParam"",""kind"":""Color"",""value"":[1.0,1.0,1.0,1.0]}]}"
153df02bca63a6f3aa311efcfe42bdad,e6a2c72bce7131a7bee243c8eb443654,action,ScenarioSystem.Model.Actions.DialogueAction,Ch1_Dialogue,5bbe58c152df1e7438669754f0d0f049:11400000,？？？,きゃあっ！？,9c848ff6c8739a64a97058924f5ccefd:21300000,b1a5acd78786285408ca05417cccc6f8:8317830989643653784,,Right,0,Default,,,block_2,,,,,,"{""version"":1,""type"":""ScenarioSystem.Model.Actions.DialogueAction"",""properties"":[]}"
a70f93d5c20ff75c2bffcb9c77a37da9,e6a2c72bce7131a7bee243c8eb443654,action,ScenarioSystem.Model.Actions.DialogueAction,Ch1_Dialogue,5bbe58c152df1e7438669754f0d0f049:11400000,？？？,何...このバケモノ！？,08f06e70be29a8844ad85a9db05083a6:21300000,b1a5acd78786285408ca05417cccc6f8:8317830989643653784,,Right,0,Default,,,block_2,,,,,,"{""version"":1,""type"":""ScenarioSystem.Model.Actions.DialogueAction"",""properties"":[]}"
0f1d15abfba74ddbb0901af0dc10d6af,e6a2c72bce7131a7bee243c8eb443654,action,ScenarioSystem.Model.Actions.DialogueAction,DialogueAction,,黒い怪物,グァ....！！！,236453c52231b0e418872210e9dcb804:21300000,b1a5acd78786285408ca05417cccc6f8:8317830989643653784,,Center,0,Default,,,,,,,,,"{""version"":1,""type"":""ScenarioSystem.Model.Actions.DialogueAction"",""properties"":[]}"
d67c1ac106bd42a9832876cb00287449,e6a2c72bce7131a7bee243c8eb443654,action,ScenarioSystem.Model.Actions.EffectAction,EffectAction,,,,,,,,,,Flash,0,,,#B90000FF,,,,"{""version"":1,""type"":""ScenarioSystem.Model.Actions.EffectAction"",""properties"":[{""path"":""colorParam"",""kind"":""Color"",""value"":[1.0,1.0,1.0,1.0]}]}"
aa176fbda0bfc904ab1b17bc837cb750,e6a2c72bce7131a7bee243c8eb443654,action,ScenarioSystem.Model.Actions.DialogueAction,Ch1_Dialogue,5bbe58c152df1e7438669754f0d0f049:11400000,？？？,痛ッ.....！,f3f65e03f4cbec441b408057920c5ed9:21300000,b1a5acd78786285408ca05417cccc6f8:8317830989643653784,,Right,0,Default,,,block_2,,,,,,"{""version"":1,""type"":""ScenarioSystem.Model.Actions.DialogueAction"",""properties"":[]}"
e4d194f59f60ba6b21ab52b69384cc92,e6a2c72bce7131a7bee243c8eb443654,action,ScenarioSystem.Model.Actions.DialogueAction,Ch1_Dialogue,5bbe58c152df1e7438669754f0d0f049:11400000,？？？,（どうしよう...怖くて動けない...!）,f3f65e03f4cbec441b408057920c5ed9:21300000,b1a5acd78786285408ca05417cccc6f8:8317830989643653784,,Right,0,Default,,,block_2,,,,,,"{""version"":1,""type"":""ScenarioSystem.Model.Actions.DialogueAction"",""properties"":[]}"
bb141a423b32c50c033db1ed24e902be,e6a2c72bce7131a7bee243c8eb443654,action,ScenarioSystem.Model.Actions.DialogueAction,Ch1_Dialogue,5bbe58c152df1e7438669754f0d0f049:11400000,黒い怪物,グルル........ガァッ――！！！！,236453c52231b0e418872210e9dcb804:21300000,b1a5acd78786285408ca05417cccc6f8:8317830989643653784,,Center,0,Default,,,block_2,,,,,,"{""version"":1,""type"":""ScenarioSystem.Model.Actions.DialogueAction"",""properties"":[]}"
afce5a4471abd4306c0ec33f1e6d0244,e6a2c72bce7131a7bee243c8eb443654,action,ScenarioSystem.Model.Actions.DialogueAction,Ch1_Dialogue,5bbe58c152df1e7438669754f0d0f049:11400000,,<size=130%>（キキーーーーーーーーッ　ドガシャッ！）</size>,f3f65e03f4cbec441b408057920c5ed9:21300000,b1a5acd78786285408ca05417cccc6f8:8317830989643653784,fb853f415a581eb469ad23947fed8b0b:8300000,Right,0,Default,,,block_2,,,,,,"{""version"":1,""type"":""ScenarioSystem.Model.Actions.DialogueAction"",""properties"":[]}"
22055c56287cd0409ce1902058c6c1b7,e6a2c72bce7131a7bee243c8eb443654,action,ScenarioSystem.Model.Actions.EffectAction,Flash,d794e04a60df749c9961fc3c5b6e1cb2:11400000,,,,,,,,,Flash,0,,,#FFFFFFFF,,,,"{""version"":1,""type"":""ScenarioSystem.Model.Actions.EffectAction"",""properties"":[{""path"":""colorParam"",""kind"":""Color"",""value"":[1.0,1.0,1.0,1.0]}]}"
a89696fbab14f8c0ad57dce9c6ec80f5,e6a2c72bce7131a7bee243c8eb443654,action,ScenarioSystem.Model.Actions.DialogueAction,Ch1_Dialogue_2,b513387ce3c0697499aaa39aa78c04ac:11400000,黒い怪物,ガァア！!,236453c52231b0e418872210e9dcb804:21300000,b1a5acd78786285408ca05417cccc6f8:8317830989643653784,,Left,0,Default,,,block_4,,,,,,"{""version"":1,""type"":""ScenarioSystem.Model.Actions.DialogueAction"",""properties"":[]}"
13e36904ce6f6cdc22c6ac22fdab78bd,e6a2c72bce7131a7bee243c8eb443654,action,ScenarioSystem.Model.Actions.DialogueAction,Ch1_Dialogue_2,b513387ce3c0697499aaa39aa78c04ac:11400000,？？？,.....!?,08f06e70be29a8844ad85a9db05083a6:21300000,b1a5acd78786285408ca05417cccc6f8:8317830989643653784,,Right,0,Default,,,block_4,,,,,,"{""version"":1,""type"":""ScenarioSystem.Model.Actions.DialogueAction"",""properties"":[]}"
29a71c4f15c1997003d6b4cf1eef51a1,e6a2c72bce7131a7bee243c8eb443654,action,ScenarioSystem.Model.Actions.DialogueAction,Ch1_Dialogue_2,b513387ce3c0697499aaa39aa78c04ac:11400000,？？？,とっとと立ちな。小娘。,13979ae4426a346a99d92c1682e2c956:21300000,b1a5acd78786285408ca05417cccc6f8:8317830989643653784,,Center,0,Default,,,block_4,,,,,,"{""version"":1,""type"":""ScenarioSystem.Model.Actions.DialogueAction"",""properties"":[]}"
e63bb6ab7948ebc45e64e52d2369e776,e6a2c72bce7131a7bee243c8eb443654,action,ScenarioSystem.Model.Actions.DialogueAction,Ch1_Dialogue_2,b513387ce3c0697499aaa39aa78c04ac:11400000,？？？,（何....今度はバイクの化け物....!?）,08f06e70be29a8844ad85a9db05083a6:21300000,b1a5acd78786285408ca05417cccc6f8:8317830989643653784,,Right,0,Default,,,block_4,,,,,,"{""version"":1,""type"":""ScenarioSystem.Model.Actions.DialogueAction"",""properties"":[]}"
7b6956da7b063bb846c3b8a8c58b7645,e6a2c72bce7131a7bee243c8eb443654,action,ScenarioSystem.Model.Actions.DialogueAction,Ch1_Dialogue_2,b513387ce3c0697499aaa39aa78c04ac:11400000,？？？,おい、助けてやったのにバケモン呼ばわりとは、どうも年寄りに対する敬意に欠けるようだね。,13979ae4426a346a99d92c1682e2c956:21300000,b1a5acd78786285408ca05417cccc6f8:8317830989643653784,,Left,0,Default,,,block_4,,,,,,"{""version"":1,""type"":""ScenarioSystem.Model.Actions.DialogueAction"",""properties"":[]}"
bb5ad9100fbb55437f0fff5de6699c03,e6a2c72bce7131a7bee243c8eb443654,action,ScenarioSystem.Model.Actions.DialogueAction,Ch1_Dialogue_2,b513387ce3c0697499aaa39aa78c04ac:11400000,カチョウ,"アタシは..............""カチョウ""だ。今はそう名乗ってる。",13979ae4426a346a99d92c1682e2c956:21300000,b1a5acd78786285408ca05417cccc6f8:8317830989643653784,,Left,0,Default,,,block_4,,,,,,"{""version"":1,""type"":""ScenarioSystem.Model.Actions.DialogueAction"",""properties"":[]}"
5b4ae816fe6a6238914d349561357be9,e6a2c72bce7131a7bee243c8eb443654,action,ScenarioSystem.Model.Actions.DialogueAction,Ch1_Dialogue_2,b513387ce3c0697499aaa39aa78c04ac:11400000,？？？,わ、私は、えっと...........あれ.....,cf9936dd7a8bad7439b56bf8078612c5:21300000,b1a5acd78786285408ca05417cccc6f8:8317830989643653784,,Right,0,Default,,,block_4,,,,,,"{""version"":1,""type"":""ScenarioSystem.Model.Actions.DialogueAction"",""properties"":[]}"
fa9bfc938576dd732bce371aec0543fb,e6a2c72bce7131a7bee243c8eb443654,action,ScenarioSystem.Model.Actions.DialogueAction,Ch1_Dialogue_2,b513387ce3c0697499aaa39aa78c04ac:11400000,カチョウ,なんだい。自分の名前も思い出せないのかい。,3e9209ca9223746229eb325d4a7984f9:21300000,b1a5acd78786285408ca05417cccc6f8:8317830989643653784,,Left,0,Default,,,block_4,,,,,,"{""version"":1,""type"":""ScenarioSystem.Model.Actions.DialogueAction"",""properties"":[]}"
59f8d2d674f0a15decad83f499ed7e08,e6a2c72bce7131a7bee243c8eb443654,action,ScenarioSystem.Model.Actions.DialogueAction,Ch1_Dialogue_2,b513387ce3c0697499aaa39aa78c04ac:11400000,カチョウ,"だったらアタシが名前を付けてやる。
小娘、お前は今日から「ヒイラギ」だ。",13979ae4426a346a99d92c1682e2c956:21300000,b1a5acd78786285408ca05417cccc6f8:8317830989643653784,,Left,0,Default,,,block_4,,,,,,"{""version"":1,""type"":""ScenarioSystem.Model.Actions.DialogueAction"",""properties"":[]}"
26587ab49fcabeb08dbdcbba86176c7f,e6a2c72bce7131a7bee243c8eb443654,action,ScenarioSystem.Model.Actions.DialogueAction,Ch1_Dialogue_2,b513387ce3c0697499aaa39aa78c04ac:11400000,カチョウ,深い意味は無いさ。,3e9209ca9223746229eb325d4a7984f9:21300000,b1a5acd78786285408ca05417cccc6f8:8317830989643653784,,Left,0,Default,,,block_4,,,,,,"{""version"":1,""type"":""ScenarioSystem.Model.Actions.DialogueAction"",""properties"":[]}"
4fdf571a37f514a595d942bce217b1a0,e6a2c72bce7131a7bee243c8eb443654,action,ScenarioSystem.Model.Actions.DialogueAction,Ch1_Dialogue_2,b513387ce3c0697499aaa39aa78c04ac:11400000,カチョウ,たった今適当に思い付いた名前だ。どのみち、ここで生きていくのに名前は必要だ。,3e9209ca9223746229eb325d4a7984f9:21300000,b1a5acd78786285408ca05417cccc6f8:8317830989643653784,,Left,0,Default,,,block_4,,,,,,"{""version"":1,""type"":""ScenarioSystem.Model.Actions.DialogueAction"",""properties"":[]}"
a22a75941d8acacd3e47010ffdc5239f,e6a2c72bce7131a7bee243c8eb443654,action,ScenarioSystem.Model.Actions.DialogueAction,Ch1_Dialogue_2,b513387ce3c0697499aaa39aa78c04ac:11400000,？？？,わ、わかりました。では改めて...,9c848ff6c8739a64a97058924f5ccefd:21300000,b1a5acd78786285408ca05417cccc6f8:8317830989643653784,,Right,0,Default,,,block_4,,,,,,"{""version"":1,""type"":""ScenarioSystem.Model.Actions.DialogueAction"",""properties"":[]}"
9a76ebc14470f6cf50b5d7b7804f70d5,e6a2c72bce7131a7bee243c8eb443654,action,ScenarioSystem.Model.Actions.DialogueAction,Ch1_Dialogue_2,b513387ce3c0697499aaa39aa78c04ac:11400000,ヒイラギ,"私は""ヒイラギ""です。気が付いたらこの森に居て、出口もわからず、化け物にも襲われるしで.......",b9e78930b7cb34d40b21915e9064a9d0:21300000,b1a5acd78786285408ca05417cccc6f8:8317830989643653784,,Right,0,Default,,,block_4,,,,,,"{""version"":1,""type"":""ScenarioSystem.Model.Actions.DialogueAction"",""properties"":[]}"
2cb39851217ab3e8482e6c058f0e2227,e6a2c72bce7131a7bee243c8eb443654,action,ScenarioSystem.Model.Actions.DialogueAction,Ch1_Dialogue_2,b513387ce3c0697499aaa39aa78c04ac:11400000,ヒイラギ,とにかく、助けて頂きありがとうございます！,e737cd1ec1da2df4190bdc1966909c8f:21300000,b1a5acd78786285408ca05417cccc6f8:8317830989643653784,,Right,0,Default,,,block_4,,,,,,"{""version"":1,""type"":""ScenarioSystem.Model.Actions.DialogueAction"",""properties"":[]}"
987086511d781520b298fca0c044399f,e6a2c72bce7131a7bee243c8eb443654,action,ScenarioSystem.Model.Actions.DialogueAction,Ch1_Dialogue_2,b513387ce3c0697499aaa39aa78c04ac:11400000,カチョウ,フン、たまたまこの近くを通りかかっただけさ。,3e9209ca9223746229eb325d4a7984f9:21300000,b1a5acd78786285408ca05417cccc6f8:8317830989643653784,,Left,0,Default,,,block_4,,,,,,"{""version"":1,""type"":""ScenarioSystem.Model.Actions.DialogueAction"",""properties"":[]}"
b4b580133b2c3eb81fa0a459df3571ad,e6a2c72bce7131a7bee243c8eb443654,action,ScenarioSystem.Model.Actions.DialogueAction,Ch1_Dialogue_2,b513387ce3c0697499aaa39aa78c04ac:11400000,カチョウ,また襲われても面倒だし、とりあえずついてきな。,3e9209ca9223746229eb325d4a7984f9:21300000,b1a5acd78786285408ca05417cccc6f8:8317830989643653784,,Left,0,Default,,,block_4,,,,,,"{""version"":1,""type"":""ScenarioSystem.Model.Actions.DialogueAction"",""properties"":[]}"
a2f6dea9efdbfd17741a14e6be611582,e6a2c72bce7131a7bee243c8eb443654,action,ScenarioSystem.Model.Actions.DialogueAction,Ch1_Dialogue_3,a69eb60de402a4f49a499c7facc2cb4e:11400000,ヒイラギ,........!!!,9c848ff6c8739a64a97058924f5ccefd:21300000,99060093597b95f48997eb283821ea51:21300000,,Center,0,Default,,,block_5,,,,,,"{""version"":1,""type"":""ScenarioSystem.Model.Actions.DialogueAction"",""properties"":[]}"
2b81b1b4edf9e93625d9e835e8f4a5fa,e6a2c72bce7131a7bee243c8eb443654,action,ScenarioSystem.Model.Actions.DialogueAction,Ch1_Dialogue_3,a69eb60de402a4f49a499c7facc2cb4e:11400000,カチョウ,どうした？魔の抜けた顔をして。,13979ae4426a346a99d92c1682e2c956:21300000,99060093597b95f48997eb283821ea51:21300000,,Left,0,Default,,,block_5,,,,,,"{""version"":1,""type"":""ScenarioSystem.Model.Actions.DialogueAction"",""properties"":[]}"
008b53fe476fd15c318820a24ca71d83,e6a2c72bce7131a7bee243c8eb443654,action,ScenarioSystem.Model.Actions.DialogueAction,Ch1_Dialogue_3,a69eb60de402a4f49a499c7facc2cb4e:11400000,ヒイラギ,こ、この街は一体...?,9c848ff6c8739a64a97058924f5ccefd:21300000,99060093597b95f48997eb283821ea51:21300000,,Right,0,Default,,,block_5,,,,,,"{""version"":1,""type"":""ScenarioSystem.Model.Actions.DialogueAction"",""properties"":[]}"
d99f87c09056522eea18b4a30d202bdd,e6a2c72bce7131a7bee243c8eb443654,action,ScenarioSystem.Model.Actions.DialogueAction,Ch1_Dialogue_3,a69eb60de402a4f49a499c7facc2cb4e:11400000,カチョウ,ほう、【狭間市】に来たことすらないとは。,13979ae4426a346a99d92c1682e2c956:21300000,99060093597b95f48997eb283821ea51:21300000,,Left,0,Default,,,block_5,,,,,,"{""version"":1,""type"":""ScenarioSystem.Model.Actions.DialogueAction"",""properties"":[]}"
4ad7506df024eb30c0d616cfc43dcb64,e6a2c72bce7131a7bee243c8eb443654,action,ScenarioSystem.Model.Actions.DialogueAction,Ch1_Dialogue_3,a69eb60de402a4f49a499c7facc2cb4e:11400000,カチョウ,お前、相当新しい魂のようだね。,13979ae4426a346a99d92c1682e2c956:21300000,99060093597b95f48997eb283821ea51:21300000,,Left,0,Default,,,block_5,,,,,,"{""version"":1,""type"":""ScenarioSystem.Model.Actions.DialogueAction"",""properties"":[]}"
b9f5bd971cbcba62c72b23fe9503bc98,e6a2c72bce7131a7bee243c8eb443654,action,ScenarioSystem.Model.Actions.DialogueAction,Ch1_Dialogue_3,a69eb60de402a4f49a499c7facc2cb4e:11400000,ヒイラギ,魂！？魂って...私、死んでるってことですか！？,08f06e70be29a8844ad85a9db05083a6:21300000,99060093597b95f48997eb283821ea51:21300000,,Right,0,Default,,,block_5,,,,,,"{""version"":1,""type"":""ScenarioSystem.Model.Actions.DialogueAction"",""properties"":[]}"
45c7ad5f7bed7ed8ef35115fd4cf8eda,e6a2c72bce7131a7bee243c8eb443654,action,ScenarioSystem.Model.Actions.DialogueAction,Ch1_Dialogue_3,a69eb60de402a4f49a499c7facc2cb4e:11400000,ヒイラギ,ということは、ここは天国....?,08f06e70be29a8844ad85a9db05083a6:21300000,99060093597b95f48997eb283821ea51:21300000,,Right,0,Default,,,block_5,,,,,,"{""version"":1,""type"":""ScenarioSystem.Model.Actions.DialogueAction"",""properties"":[]}"
e16fe80fa0256520ea6062bc961f1e61,e6a2c72bce7131a7bee243c8eb443654,action,ScenarioSystem.Model.Actions.DialogueAction,Ch1_Dialogue_3,a69eb60de402a4f49a499c7facc2cb4e:11400000,カチョウ,天国か。ま、あながち間違っちゃいないよ。,13979ae4426a346a99d92c1682e2c956:21300000,99060093597b95f48997eb283821ea51:21300000,,Left,0,Default,,,block_5,,,,,,"{""version"":1,""type"":""ScenarioSystem.Model.Actions.DialogueAction"",""properties"":[]}"
545fda6de87f035f68c63622ac3ca8f2,e6a2c72bce7131a7bee243c8eb443654,action,ScenarioSystem.Model.Actions.DialogueAction,Ch1_Dialogue_3,a69eb60de402a4f49a499c7facc2cb4e:11400000,カチョウ,"ここは【狭間市】。
死んだ魂が流れつく、あの世とこの世の狭間の世界さ。",13979ae4426a346a99d92c1682e2c956:21300000,99060093597b95f48997eb283821ea51:21300000,,Center,0,Default,,,block_5,,,,,,"{""version"":1,""type"":""ScenarioSystem.Model.Actions.DialogueAction"",""properties"":[]}"
1c6ca7e44cb32f950a0c29d7d4e709b4,e6a2c72bce7131a7bee243c8eb443654,action,ScenarioSystem.Model.Actions.DialogueAction,Ch1_Dialogue_3,a69eb60de402a4f49a499c7facc2cb4e:11400000,ヒイラギ,（狭間市....。）,978560c834e86ef409145f97e580475c:21300000,99060093597b95f48997eb283821ea51:21300000,,Right,0,Default,,,block_5,,,,,,"{""version"":1,""type"":""ScenarioSystem.Model.Actions.DialogueAction"",""properties"":[]}"
433ba06dedcb84830bfef72d8b42e333,e6a2c72bce7131a7bee243c8eb443654,action,ScenarioSystem.Model.Actions.DialogueAction,Ch1_Dialogue_3,a69eb60de402a4f49a499c7facc2cb4e:11400000,カチョウ,"そうだ。
そしてお前には、アタシの仕事を手伝ってもらうよ。",13979ae4426a346a99d92c1682e2c956:21300000,99060093597b95f48997eb283821ea51:21300000,,Left,0,Default,,,block_5,,,,,,"{""version"":1,""type"":""ScenarioSystem.Model.Actions.DialogueAction"",""properties"":[]}"
b8fea01e995170211e014dfd714316ef,e6a2c72bce7131a7bee243c8eb443654,action,ScenarioSystem.Model.Actions.DialogueAction,Ch1_Dialogue_3,a69eb60de402a4f49a499c7facc2cb4e:11400000,ヒイラギ,え！？そんな急に言われても困ります...！,9c848ff6c8739a64a97058924f5ccefd:21300000,99060093597b95f48997eb283821ea51:21300000,,Right,0,Default,,,block_5,,,,,,"{""version"":1,""type"":""ScenarioSystem.Model.Actions.DialogueAction"",""properties"":[]}"
36ed5cca955a55bf87770d4ee858d1f2,e6a2c72bce7131a7bee243c8eb443654,action,ScenarioSystem.Model.Actions.DialogueAction,Ch1_Dialogue_3,a69eb60de402a4f49a499c7facc2cb4e:11400000,ヒイラギ,私、今の状況だけで頭がいっぱいいっぱいで........。,4f9f844a1ae135f4a985f8194c0cd42c:21300000,99060093597b95f48997eb283821ea51:21300000,,Right,0,Default,,,block_5,,,,,,"{""version"":1,""type"":""ScenarioSystem.Model.Actions.DialogueAction"",""properties"":[]}"
828d71825d1f0761a7f4014c7f9e183b,e6a2c72bce7131a7bee243c8eb443654,action,ScenarioSystem.Model.Actions.DialogueAction,Ch1_Dialogue_3,a69eb60de402a4f49a499c7facc2cb4e:11400000,カチョウ,だが、アタシはそんなお前の命を助けた。,3e9209ca9223746229eb325d4a7984f9:21300000,99060093597b95f48997eb283821ea51:21300000,,Left,0,Default,,,block_5,,,,,,"{""version"":1,""type"":""ScenarioSystem.Model.Actions.DialogueAction"",""properties"":[]}"
ed27ed3938f650f1d8c2e6a00582a860,e6a2c72bce7131a7bee243c8eb443654,action,ScenarioSystem.Model.Actions.DialogueAction,Ch1_Dialogue_3,a69eb60de402a4f49a499c7facc2cb4e:11400000,カチョウ,"もう死んでるといっても、ここでの""死""は現実よりも
恐ろしい。...詳細は省くがね。",3e9209ca9223746229eb325d4a7984f9:21300000,99060093597b95f48997eb283821ea51:21300000,,Left,0,Default,,,block_5,,,,,,"{""version"":1,""type"":""ScenarioSystem.Model.Actions.DialogueAction"",""properties"":[]}"
01954d7dc7eab90af8d88754353e3477,e6a2c72bce7131a7bee243c8eb443654,action,ScenarioSystem.Model.Actions.DialogueAction,Ch1_Dialogue_3,a69eb60de402a4f49a499c7facc2cb4e:11400000,ヒイラギ,ひぇ......,f3f65e03f4cbec441b408057920c5ed9:21300000,99060093597b95f48997eb283821ea51:21300000,,Right,0,Default,,,block_5,,,,,,"{""version"":1,""type"":""ScenarioSystem.Model.Actions.DialogueAction"",""properties"":[]}"
9ad26dde947fcedbc205d7b20a6d6439,e6a2c72bce7131a7bee243c8eb443654,action,ScenarioSystem.Model.Actions.DialogueAction,Ch1_Dialogue_3,a69eb60de402a4f49a499c7facc2cb4e:11400000,カチョウ,助けた分、仕事の手伝いくらいはしてもらうよ。,13979ae4426a346a99d92c1682e2c956:21300000,99060093597b95f48997eb283821ea51:21300000,,Left,0,Default,,,block_5,,,,,,"{""version"":1,""type"":""ScenarioSystem.Model.Actions.DialogueAction"",""properties"":[]}"
5c0acad1a95a85d90a2ac5f8406032b1,e6a2c72bce7131a7bee243c8eb443654,action,ScenarioSystem.Model.Actions.DialogueAction,Ch1_Dialogue_3,a69eb60de402a4f49a499c7facc2cb4e:11400000,ヒイラギ,うう........そう言われると.......。,af72a48b6a567c14fb1bebe66378a12c:21300000,99060093597b95f48997eb283821ea51:21300000,,Right,0,Default,,,block_5,,,,,,"{""version"":1,""type"":""ScenarioSystem.Model.Actions.DialogueAction"",""properties"":[]}"
b6078cb5f5bae793f4252c4d034a13dd,e6a2c72bce7131a7bee243c8eb443654,action,ScenarioSystem.Model.Actions.DialogueAction,Ch1_Dialogue_3,a69eb60de402a4f49a499c7facc2cb4e:11400000,カチョウ,じゃあ決まりだ。ついてこい。そこで詳しい話をする。,3e9209ca9223746229eb325d4a7984f9:21300000,99060093597b95f48997eb283821ea51:21300000,,Left,0,Default,,,block_5,,,,,,"{""version"":1,""type"":""ScenarioSystem.Model.Actions.DialogueAction"",""properties"":[]}"
3747fbcf9043cbb7c6f1ec9cd2347b49,e6a2c72bce7131a7bee243c8eb443654,action,ScenarioSystem.Model.Actions.DialogueAction,Ch1_Dialogue_4,d157f092d34f842eabfd03c6cb19351b:11400000,ヒイラギ,"....あれ？ここって役所？ですよね？
やけに古いですが....",b9e78930b7cb34d40b21915e9064a9d0:21300000,a3723d2424b412246af04acc2323844c:21300000,,Right,0,Default,,,block_6,,,,,,"{""version"":1,""type"":""ScenarioSystem.Model.Actions.DialogueAction"",""properties"":[]}"
4a1fc586b4680d9ca1c321f1359a985b,e6a2c72bce7131a7bee243c8eb443654,action,ScenarioSystem.Model.Actions.DialogueAction,Ch1_Dialogue_4,d157f092d34f842eabfd03c6cb19351b:11400000,ヒイラギ,そういえばカチョウさんのお仕事って....。,cf9936dd7a8bad7439b56bf8078612c5:21300000,a3723d2424b412246af04acc2323844c:21300000,,Right,0,Default,,,block_6,,,,,,"{""version"":1,""type"":""ScenarioSystem.Model.Actions.DialogueAction"",""properties"":[]}"
972a8a4db1909f13603c5577a520f95e,e6a2c72bce7131a7bee243c8eb443654,action,ScenarioSystem.Model.Actions.DialogueAction,Ch1_Dialogue_4,d157f092d34f842eabfd03c6cb19351b:11400000,ヒイラギ,...着いた。ここだ。,13979ae4426a346a99d92c1682e2c956:21300000,a3723d2424b412246af04acc2323844c:21300000,,Center,0,Default,,,block_6,,,,,,"{""version"":1,""type"":""ScenarioSystem.Model.Actions.DialogueAction"",""properties"":[]}"
9d2064d5ec4483eb9fc9a2c5cef78a0e,e6a2c72bce7131a7bee243c8eb443654,action,ScenarioSystem.Model.Actions.DialogueAction,Ch1_Dialogue_4,d157f092d34f842eabfd03c6cb19351b:11400000,ヒイラギ,【遺失物管理課】.....?,,46ba3d3eeddf56c4a98e1affe0a01baa:21300000,,Center,0,Default,,,block_6,,,,,,"{""version"":1,""type"":""ScenarioSystem.Model.Actions.DialogueAction"",""properties"":[]}"
51ab77bc3af332296ff417e34e008f62,e6a2c72bce7131a7bee243c8eb443654,action,ScenarioSystem.Model.Actions.DialogueAction,Ch1_Dialogue_4,d157f092d34f842eabfd03c6cb19351b:11400000,カチョウ,そう。アタシの仕事は【遺失物】に関するモンだ。,,46ba3d3eeddf56c4a98e1affe0a01baa:21300000,,Center,0,Default,,,block_6,,,,,,"{""version"":1,""type"":""ScenarioSystem.Model.Actions.DialogueAction"",""properties"":[]}"
0ccc6f293bef266989e82e3d2192256b,e6a2c72bce7131a7bee243c8eb443654,action,ScenarioSystem.Model.Actions.DialogueAction,Ch1_Dialogue_4,d157f092d34f842eabfd03c6cb19351b:11400000,カチョウ,"カッコつけちゃいるが、要は""なくしもの""を扱う部署ってワケだな。",3e9209ca9223746229eb325d4a7984f9:21300000,,,Left,0,Default,,,block_6,,,,,,"{""version"":1,""type"":""ScenarioSystem.Model.Actions.DialogueAction"",""properties"":[]}"
fb4ceb27c01c433f6d0361201517011f,e6a2c72bce7131a7bee243c8eb443654,action,ScenarioSystem.Model.Actions.DialogueAction,Ch1_Dialogue_4,d157f092d34f842eabfd03c6cb19351b:11400000,カチョウ,"でもただの""なくしもの""じゃあない。",13979ae4426a346a99d92c1682e2c956:21300000,,,Left,0,Default,,,block_6,,,,,,"{""version"":1,""type"":""ScenarioSystem.Model.Actions.DialogueAction"",""properties"":[]}"
0d71994c593ec33dc8d20037e63eaafc,e6a2c72bce7131a7bee243c8eb443654,action,ScenarioSystem.Model.Actions.DialogueAction,Ch1_Dialogue_4,d157f092d34f842eabfd03c6cb19351b:11400000,カチョウ,ソレは魂の遺失物だ。,13979ae4426a346a99d92c1682e2c956:21300000,,,Left,0,Default,,,block_6,,,,,,"{""version"":1,""type"":""ScenarioSystem.Model.Actions.DialogueAction"",""properties"":[]}"
6c59026ed310a8656158fb38888c1389,e6a2c72bce7131a7bee243c8eb443654,action,ScenarioSystem.Model.Actions.DialogueAction,Ch1_Dialogue_4,d157f092d34f842eabfd03c6cb19351b:11400000,カチョウ,具体的な仕事内容に関しては....、まあ実際にやってみるほうが早いだろう。,3e9209ca9223746229eb325d4a7984f9:21300000,,,Left,0,Default,,,block_6,,,,,,"{""version"":1,""type"":""ScenarioSystem.Model.Actions.DialogueAction"",""properties"":[]}"
ad259c4cec9996c9c73dec6cb05fbec8,e6a2c72bce7131a7bee243c8eb443654,action,ScenarioSystem.Model.Actions.DialogueAction,Ch1_Dialogue_4,d157f092d34f842eabfd03c6cb19351b:11400000,カチョウ,早速始めようか。,13979ae4426a346a99d92c1682e2c956:21300000,,,Left,0,Default,,,block_6,,,,,,"{""version"":1,""type"":""ScenarioSystem.Model.Actions.DialogueAction"",""properties"":[]}"
54314c96c7fe5ac8214fdeb8bb6f5944,e6a2c72bce7131a7bee243c8eb443654,action,ScenarioSystem.Model.Actions.DialogueAction,Ch1_Dialogue_4,d157f092d34f842eabfd03c6cb19351b:11400000,カチョウ,ああ、言い忘れてたね。,3e9209ca9223746229eb325d4a7984f9:21300000,,,Left,0,Default,,,block_6,,,,,,"{""version"":1,""type"":""ScenarioSystem.Model.Actions.DialogueAction"",""properties"":[]}"
f896f7d976f1cb5b4cebc43b22272aa1,e6a2c72bce7131a7bee243c8eb443654,action,ScenarioSystem.Model.Actions.DialogueAction,Ch1_Dialogue_4,d157f092d34f842eabfd03c6cb19351b:11400000,カチョウ,"...ようこそ。""狭間市役所　遺失物管理課""へ。",13979ae4426a346a99d92c1682e2c956:21300000,,,Center,0,Default,,,block_6,,,,,,"{""version"":1,""type"":""ScenarioSystem.Model.Actions.DialogueAction"",""properties"":[]}"
d6545683f0f5db0d282dee04657224e0,,scenario,ScenarioSystem.Model.ScenarioData,Ch1_02,f44777ccb167b47a0b53d0d98026eb05:11400000,,,,,,,,,,,,,,,false,true,"{""version"":1,""type"":""ScenarioSystem.Model.ScenarioData"",""properties"":[]}"
4844d1e871458345d392b3b1e73e20c9,d6545683f0f5db0d282dee04657224e0,action,ScenarioSystem.Model.Actions.DialogueAction,Ch1_Dialogue_5,518680ea0ec966146b62206bcddfa844:11400000,ヒイラギ,それで...私は一体なにをすれば...？,cf9936dd7a8bad7439b56bf8078612c5:21300000,,,Right,0,Default,,,block_1,,,,,,"{""version"":1,""type"":""ScenarioSystem.Model.Actions.DialogueAction"",""properties"":[]}"
bf6607d38b93a91a07528af67e693420,d6545683f0f5db0d282dee04657224e0,action,ScenarioSystem.Model.Actions.DialogueAction,Ch1_Dialogue_5,518680ea0ec966146b62206bcddfa844:11400000,カチョウ,"仕事は簡単だ。""なくしもの""を見つけて、あるべき場所に返す、ただそれだけだ。",13979ae4426a346a99d92c1682e2c956:21300000,,,Left,0,Default,,,block_1,,,,,,"{""version"":1,""type"":""ScenarioSystem.Model.Actions.DialogueAction"",""properties"":[]}"
cc3dee533b5ac561a9b80465f2a02314,d6545683f0f5db0d282dee04657224e0,action,ScenarioSystem.Model.Actions.DialogueAction,Ch1_Dialogue_5,518680ea0ec966146b62206bcddfa844:11400000,カチョウ,まあ、ちょいと過程が面倒だがね。,13979ae4426a346a99d92c1682e2c956:21300000,,,Left,0,Default,,,block_1,,,,,,"{""version"":1,""type"":""ScenarioSystem.Model.Actions.DialogueAction"",""properties"":[]}"
78bae6b4ac1f581a93e876f0cc3c3b16,d6545683f0f5db0d282dee04657224e0,action,ScenarioSystem.Model.Actions.SceneTransitionAction,ToMain,4a361141615285749a6c37547eb33258:11400000,,,,,,,,,,,,,,,,,"{""version"":1,""type"":""ScenarioSystem.Model.Actions.SceneTransitionAction"",""properties"":[{""path"":""targetSceneName"",""kind"":""String"",""value"":""Main""},{""path"":""useChapterSelect"",""kind"":""Boolean"",""value"":false}]}"
088638b8c5f1fc1f3b459d6a22abfbad,,scenario,ScenarioSystem.Model.ScenarioData,Ch1_03,bf51447110716458c8a468d88229160f:11400000,,,,,,,,,,,Ch1_Dialogue,,,e3d009f8471c38947a264b7024485593:11400000,false,true,"{""version"":1,""type"":""ScenarioSystem.Model.ScenarioData"",""properties"":[]}"
70437e4e19eadec8030d9ea196ed6b8d,088638b8c5f1fc1f3b459d6a22abfbad,action,ScenarioSystem.Model.Actions.PortraitInteractableAction,EnableClick,f146ef37397974dce8fe39bb05bc5d0a:11400000,,,,,,,,,,,,,,,,,"{""version"":1,""type"":""ScenarioSystem.Model.Actions.PortraitInteractableAction"",""properties"":[{""path"":""isInteractable"",""kind"":""Boolean"",""value"":true},{""path"":""updateOverlay"",""kind"":""Boolean"",""value"":true}]}"
9bc75bb002a90ec371c5c0b81e825105,088638b8c5f1fc1f3b459d6a22abfbad,action,ScenarioSystem.Model.Actions.KeywordEnableAction,KeywordEnableAction,96f300603b9634d519eb523a12a3649f:11400000,,,,,,,,,,,,,,,,,"{""version"":1,""type"":""ScenarioSystem.Model.Actions.KeywordEnableAction"",""properties"":[{""path"":""enable"",""kind"":""Boolean"",""value"":true}]}"
10a18f55b2ec6f34b6969199597b1354,088638b8c5f1fc1f3b459d6a22abfbad,action,ScenarioSystem.Model.Actions.ProgressUpdateAction,AdvancePhase,b2015826a2bc54834a2a1f0904f1a0de:11400000,,,,,,,,,,,,,,,,,"{""version"":1,""type"":""ScenarioSystem.Model.Actions.ProgressUpdateAction"",""properties"":[{""path"":""actionType"",""kind"":""Enum"",""value"":0},{""path"":""targetChapter"",""kind"":""Integer"",""value"":1},{""path"":""targetPhase"",""kind"":""Enum"",""value"":1}]}"
864d8159b1b8f079cbf475c6676f4164,,scenario,ScenarioSystem.Model.ScenarioData,Ch1_04,e3d009f8471c38947a264b7024485593:11400000,,,,,,,,,,,Ch1_Extraction,,,,true,true,"{""version"":1,""type"":""ScenarioSystem.Model.ScenarioData"",""properties"":[]}"
1b04b0b7d1f95b1c60171908cb540583,864d8159b1b8f079cbf475c6676f4164,action,ScenarioSystem.Model.Actions.DialogueStartButtonAction,HideDialogueStartButton,6c38df6e51024de7a54a755f9e917cbb:11400000,,,,,,,,,,,,,,,,,"{""version"":1,""type"":""ScenarioSystem.Model.Actions.DialogueStartButtonAction"",""properties"":[{""path"":""visible"",""kind"":""Boolean"",""value"":false}]}"
502a8450be922df2cf48107925155814,864d8159b1b8f079cbf475c6676f4164,action,ScenarioSystem.Model.Actions.LostNoteCharacterAction,Ch1_Chara_01,b5bd3fef5ee91d84786786da3a9383f7:11400000,,,,,,,,,,,,,,,,,"{""version"":1,""type"":""ScenarioSystem.Model.Actions.LostNoteCharacterAction"",""properties"":[{""path"":""characterSprite"",""kind"":""ObjectReference"",""value"":""b0cdaf01cc0e88344a00da92f2932d91:21300000""},{""path"":""characterName"",""kind"":""String"",""value"":""NAME：カチョウ""},{""path"":""characterDescription"",""kind"":""String"",""value"":""「遺失物管理課」を仕切る人物\n私に仕事を手伝ってほしいらしい...""}]}"
219ea3d3d26b0dc16e30184be890085e,864d8159b1b8f079cbf475c6676f4164,action,ScenarioSystem.Model.Actions.PortraitInteractableAction,DisableClick,4c80fe23ce73443ee9960c9b8bff2c56:11400000,,,,,,,,,,,,,,,,,"{""version"":1,""type"":""ScenarioSystem.Model.Actions.PortraitInteractableAction"",""properties"":[{""path"":""isInteractable"",""kind"":""Boolean"",""value"":false},{""path"":""updateOverlay"",""kind"":""Boolean"",""value"":true}]}"
91b2e1e31ce5dbae4d531f367b6a019c,864d8159b1b8f079cbf475c6676f4164,action,ScenarioSystem.Model.Actions.DialogueAction,Ch1_Extraction,940ef0ec181160a49804f9246954a721:11400000,カチョウ,"さて、アタシは頭が<link=""Data1"">バイク</link>になってる。",13979ae4426a346a99d92c1682e2c956:21300000,,,Center,0,Default,,,block_4,,,,,,"{""version"":1,""type"":""ScenarioSystem.Model.Actions.DialogueAction"",""properties"":[]}"
36f116668128a769494803247aa710f7,864d8159b1b8f079cbf475c6676f4164,action,ScenarioSystem.Model.Actions.DialogueAction,Ch1_Extraction,940ef0ec181160a49804f9246954a721:11400000,カチョウ,身体もほとんどは機械製だな。,3e9209ca9223746229eb325d4a7984f9:21300000,,,Center,0,Default,,,block_4,,,,,,"{""version"":1,""type"":""ScenarioSystem.Model.Actions.DialogueAction"",""properties"":[]}"
903c1edbb84fa4fefa3866388ddad253,864d8159b1b8f079cbf475c6676f4164,action,ScenarioSystem.Model.Actions.DialogueAction,Ch1_Extraction,940ef0ec181160a49804f9246954a721:11400000,カチョウ,つまり、好物は普通の食べ物じゃない。,13979ae4426a346a99d92c1682e2c956:21300000,,,Center,0,Default,,,block_4,,,,,,"{""version"":1,""type"":""ScenarioSystem.Model.Actions.DialogueAction"",""properties"":[]}"
86f06d47d2ccad14c7f4ba007f46e20f,864d8159b1b8f079cbf475c6676f4164,action,ScenarioSystem.Model.Actions.DialogueAction,Ch1_Extraction,940ef0ec181160a49804f9246954a721:11400000,カチョウ,"食事は肩の所にある<link=""Data2"">補給口</link>からする。",13979ae4426a346a99d92c1682e2c956:21300000,,,Center,0,Default,,,block_4,,,,,,"{""version"":1,""type"":""ScenarioSystem.Model.Actions.DialogueAction"",""properties"":[]}"
e2b4414a04bcc768875e36e6217d2d0f,864d8159b1b8f079cbf475c6676f4164,action,ScenarioSystem.Model.Actions.DialogueAction,Ch1_Extraction,940ef0ec181160a49804f9246954a721:11400000,カチョウ,うーむ。,13979ae4426a346a99d92c1682e2c956:21300000,,,Center,0,Default,,,block_4,,,,,,"{""version"":1,""type"":""ScenarioSystem.Model.Actions.DialogueAction"",""properties"":[]}"
12caf4704c0fc3ffde6b1146d2ebe1f2,864d8159b1b8f079cbf475c6676f4164,action,ScenarioSystem.Model.Actions.DialogueAction,Ch1_Extraction,940ef0ec181160a49804f9246954a721:11400000,カチョウ,"後は、<link=""Data3"">よく燃える</link>...ってところか？",3e9209ca9223746229eb325d4a7984f9:21300000,,,Center,0,Default,,,block_4,,,,,,"{""version"":1,""type"":""ScenarioSystem.Model.Actions.DialogueAction"",""properties"":[]}"
bdcab78380c29cbb823387acccb645ab,864d8159b1b8f079cbf475c6676f4164,action,ScenarioSystem.Model.Actions.DialogueAction,Ch1_Extraction,940ef0ec181160a49804f9246954a721:11400000,カチョウ,これで分かったかい？,13979ae4426a346a99d92c1682e2c956:21300000,,,Center,0,Default,,,block_4,,,,,,"{""version"":1,""type"":""ScenarioSystem.Model.Actions.DialogueAction"",""properties"":[]}"
5bbc077429a51e07c3906c813c3450ae,864d8159b1b8f079cbf475c6676f4164,action,ScenarioSystem.Model.Actions.DialogueAction,Ch1_Extraction,940ef0ec181160a49804f9246954a721:11400000,カチョウ,あぁそうそう、キーワードをすべて見つけるまでは何度でも話を聞けるよ。,3e9209ca9223746229eb325d4a7984f9:21300000,,,Center,0,Default,,,block_4,,,,,,"{""version"":1,""type"":""ScenarioSystem.Model.Actions.DialogueAction"",""properties"":[]}"
22f1b891256c24835e46f994f86b481d,864d8159b1b8f079cbf475c6676f4164,action,ScenarioSystem.Model.Actions.DialogueAction,Ch1_Extraction,940ef0ec181160a49804f9246954a721:11400000,カチョウ,本番でもそれは同じだ。じゃあ、もう一度言うよ。,3e9209ca9223746229eb325d4a7984f9:21300000,,,Center,0,Default,,,block_4,,,,,,"{""version"":1,""type"":""ScenarioSystem.Model.Actions.DialogueAction"",""properties"":[]}"
4e20e6993fab882d6eeddef17d1d8d24,864d8159b1b8f079cbf475c6676f4164,action,ScenarioSystem.Model.Actions.PortraitInteractableAction,EnableClick,f146ef37397974dce8fe39bb05bc5d0a:11400000,,,,,,,,,,,,,,,,,"{""version"":1,""type"":""ScenarioSystem.Model.Actions.PortraitInteractableAction"",""properties"":[{""path"":""isInteractable"",""kind"":""Boolean"",""value"":true},{""path"":""updateOverlay"",""kind"":""Boolean"",""value"":true}]}"
ab3e9293af588e76f524959f4666811a,864d8159b1b8f079cbf475c6676f4164,action,ScenarioSystem.Model.Actions.DialogueStartButtonAction,ShowDialogueStartButton,dbc025c096b0449ebedaf24aa8b22d79:11400000,,,,,,,,,,,,,,,,,"{""version"":1,""type"":""ScenarioSystem.Model.Actions.DialogueStartButtonAction"",""properties"":[{""path"":""visible"",""kind"":""Boolean"",""value"":true}]}"
988f7a64cd0b75ac79c08812eb7b51e0,,scenario,ScenarioSystem.Model.ScenarioData,Ch1_04_02,e2d34e1cb6d7a7742bd26afc4e8af887:11400000,,,,,,,,,,,,,,,false,true,"{""version"":1,""type"":""ScenarioSystem.Model.ScenarioData"",""properties"":[]}"
441521899f788fe5c92e48d6ddecc895,988f7a64cd0b75ac79c08812eb7b51e0,action,ScenarioSystem.Model.Actions.DialogueAction,Ch1_Extraction_2,8cbed129f0c1f0d44b1a9f89e42b5ec3:11400000,カチョウ,キーワードを全て見つけたようだね。,13979ae4426a346a99d92c1682e2c956:21300000,,,Center,0,Default,,,block_1,,,,,,"{""version"":1,""type"":""ScenarioSystem.Model.Actions.DialogueAction"",""properties"":[]}"
01b098c2929e9bf732d79ffa9bd30ee8,988f7a64cd0b75ac79c08812eb7b51e0,action,ScenarioSystem.Model.Actions.DialogueAction,Ch1_Extraction_2,8cbed129f0c1f0d44b1a9f89e42b5ec3:11400000,ヒイラギ,結構簡単でしたよ！ほんとに...,4f9f844a1ae135f4a985f8194c0cd42c:21300000,,,Right,0,Default,,,block_1,,,,,,"{""version"":1,""type"":""ScenarioSystem.Model.Actions.DialogueAction"",""properties"":[]}"
511373b9853add1e7f2d5f9bbca5bb53,988f7a64cd0b75ac79c08812eb7b51e0,action,ScenarioSystem.Model.Actions.DialogueAction,Ch1_Extraction_2,8cbed129f0c1f0d44b1a9f89e42b5ec3:11400000,カチョウ,そうかい。仕事ができるってのは使いつぶすのにもってこいだわな。,13979ae4426a346a99d92c1682e2c956:21300000,,,Center,0,Default,,,block_1,,,,,,"{""version"":1,""type"":""ScenarioSystem.Model.Actions.DialogueAction"",""properties"":[]}"
91503f0f8138b510bb5f1afd66b4e576,988f7a64cd0b75ac79c08812eb7b51e0,action,ScenarioSystem.Model.Actions.DialogueAction,Ch1_Extraction_2,8cbed129f0c1f0d44b1a9f89e42b5ec3:11400000,ヒイラギ,ひぇ....,af72a48b6a567c14fb1bebe66378a12c:21300000,,,Right,0,Default,,,block_1,,,,,,"{""version"":1,""type"":""ScenarioSystem.Model.Actions.DialogueAction"",""properties"":[]}"
eb145091e0c1489782b2893909b872e7,988f7a64cd0b75ac79c08812eb7b51e0,action,ScenarioSystem.Model.Actions.DialogueAction,Ch1_Extraction_2,8cbed129f0c1f0d44b1a9f89e42b5ec3:11400000,カチョウ,"で、今見つけたキーワードが""なくしもの""を見つけ出すヒントになるってワケだ。",3e9209ca9223746229eb325d4a7984f9:21300000,,,Center,0,Default,,,block_1,,,,,,"{""version"":1,""type"":""ScenarioSystem.Model.Actions.DialogueAction"",""properties"":[]}"
756724bacce77fbba61dbb5345011a25,988f7a64cd0b75ac79c08812eb7b51e0,action,ScenarioSystem.Model.Actions.DialogueAction,Ch1_Extraction_2,8cbed129f0c1f0d44b1a9f89e42b5ec3:11400000,ヒイラギ,もう、分かりそうですけどね...。,af72a48b6a567c14fb1bebe66378a12c:21300000,,,Right,0,Default,,,block_1,,,,,,"{""version"":1,""type"":""ScenarioSystem.Model.Actions.DialogueAction"",""properties"":[]}"
129725721edf4cdde41d094cb1c136a6,988f7a64cd0b75ac79c08812eb7b51e0,action,ScenarioSystem.Model.Actions.DialogueAction,Ch1_Extraction_2,8cbed129f0c1f0d44b1a9f89e42b5ec3:11400000,カチョウ,まあ今回はそうかもしれないが、大抵はそう簡単にゃいかん。,13979ae4426a346a99d92c1682e2c956:21300000,,,Center,0,Default,,,block_1,,,,,,"{""version"":1,""type"":""ScenarioSystem.Model.Actions.DialogueAction"",""properties"":[]}"
ba3a98db2cca7c128e8ca26cfe3357b9,988f7a64cd0b75ac79c08812eb7b51e0,action,ScenarioSystem.Model.Actions.DialogueAction,Ch1_Extraction_2,8cbed129f0c1f0d44b1a9f89e42b5ec3:11400000,カチョウ,研修だからな。丁寧にやるぞ。,13979ae4426a346a99d92c1682e2c956:21300000,,,Center,0,Default,,,block_1,,,,,,"{""version"":1,""type"":""ScenarioSystem.Model.Actions.DialogueAction"",""properties"":[]}"
a9056d3d492482daac506e9f49034bdc,988f7a64cd0b75ac79c08812eb7b51e0,action,ScenarioSystem.Model.Actions.DialogueAction,Ch1_Extraction_2,8cbed129f0c1f0d44b1a9f89e42b5ec3:11400000,カチョウ,さて、特定にはもう少し手順がある。,3e9209ca9223746229eb325d4a7984f9:21300000,,,Center,0,Default,,,block_1,,,,,,"{""version"":1,""type"":""ScenarioSystem.Model.Actions.DialogueAction"",""properties"":[]}"
d734b0dd3adaa3638262ea1876c153c9,988f7a64cd0b75ac79c08812eb7b51e0,action,ScenarioSystem.Model.Actions.DialogueAction,Ch1_Extraction_2,8cbed129f0c1f0d44b1a9f89e42b5ec3:11400000,カチョウ,【調律】と【定着】だ。,13979ae4426a346a99d92c1682e2c956:21300000,,,Center,0,Default,,,block_1,,,,,,"{""version"":1,""type"":""ScenarioSystem.Model.Actions.DialogueAction"",""properties"":[]}"
b2ac02b04c834d8c3c2bc067997ca96b,988f7a64cd0b75ac79c08812eb7b51e0,action,ScenarioSystem.Model.Actions.DialogueAction,Ch1_Extraction_2,8cbed129f0c1f0d44b1a9f89e42b5ec3:11400000,カチョウ,キーワードから得た記憶の欠片の波形を適切に【調律】し、１つの塊として【定着】させる...,3e9209ca9223746229eb325d4a7984f9:21300000,,,Center,0,Default,,,block_1,,,,,,"{""version"":1,""type"":""ScenarioSystem.Model.Actions.DialogueAction"",""properties"":[]}"
a25cb511d1e921914810bb7044f1e228,988f7a64cd0b75ac79c08812eb7b51e0,action,ScenarioSystem.Model.Actions.DialogueAction,Ch1_Extraction_2,8cbed129f0c1f0d44b1a9f89e42b5ec3:11400000,カチョウ,まあ、口で説明するよりやってみるほうが早い。,3e9209ca9223746229eb325d4a7984f9:21300000,,,Center,0,Default,,,block_1,,,,,,"{""version"":1,""type"":""ScenarioSystem.Model.Actions.DialogueAction"",""properties"":[]}"
184677d525f7262b3acd9c8ba4ecd070,988f7a64cd0b75ac79c08812eb7b51e0,action,ScenarioSystem.Model.Actions.DialogueAction,Ch1_Extraction_2,8cbed129f0c1f0d44b1a9f89e42b5ec3:11400000,カチョウ,行ってこい。,3e9209ca9223746229eb325d4a7984f9:21300000,,,Center,0,Default,,,block_1,,,,,,"{""version"":1,""type"":""ScenarioSystem.Model.Actions.DialogueAction"",""properties"":[]}"
9d82ac39951466b67ab00248a37727a1,988f7a64cd0b75ac79c08812eb7b51e0,action,ScenarioSystem.Model.Actions.DialogueAction,Ch1_Extraction_2,8cbed129f0c1f0d44b1a9f89e42b5ec3:11400000,カチョウ,キーワードを全て見つけたようだね。,13979ae4426a346a99d92c1682e2c956:21300000,,,Center,0,Default,,,block_2,,,,,,"{""version"":1,""type"":""ScenarioSystem.Model.Actions.DialogueAction"",""properties"":[]}"
94b5634501a4888a05e11c17a154324e,988f7a64cd0b75ac79c08812eb7b51e0,action,ScenarioSystem.Model.Actions.DialogueAction,Ch1_Extraction_2,8cbed129f0c1f0d44b1a9f89e42b5ec3:11400000,ヒイラギ,結構簡単でしたよ！ほんとに...,4f9f844a1ae135f4a985f8194c0cd42c:21300000,,,Right,0,Default,,,block_2,,,,,,"{""version"":1,""type"":""ScenarioSystem.Model.Actions.DialogueAction"",""properties"":[]}"
f81a21b78df3bbf4213c5ec4660a4b49,988f7a64cd0b75ac79c08812eb7b51e0,action,ScenarioSystem.Model.Actions.DialogueAction,Ch1_Extraction_2,8cbed129f0c1f0d44b1a9f89e42b5ec3:11400000,カチョウ,そうかい。仕事ができるってのは使いつぶすのにもってこいだわな。,13979ae4426a346a99d92c1682e2c956:21300000,,,Center,0,Default,,,block_2,,,,,,"{""version"":1,""type"":""ScenarioSystem.Model.Actions.DialogueAction"",""properties"":[]}"
1770988e901c2b92674dcca273e0c900,988f7a64cd0b75ac79c08812eb7b51e0,action,ScenarioSystem.Model.Actions.DialogueAction,Ch1_Extraction_2,8cbed129f0c1f0d44b1a9f89e42b5ec3:11400000,ヒイラギ,ひぇ....,af72a48b6a567c14fb1bebe66378a12c:21300000,,,Right,0,Default,,,block_2,,,,,,"{""version"":1,""type"":""ScenarioSystem.Model.Actions.DialogueAction"",""properties"":[]}"
8fa603aa811d0fb307ed7519271baf1c,988f7a64cd0b75ac79c08812eb7b51e0,action,ScenarioSystem.Model.Actions.DialogueAction,Ch1_Extraction_2,8cbed129f0c1f0d44b1a9f89e42b5ec3:11400000,カチョウ,"で、今見つけたキーワードが""なくしもの""を見つけ出すヒントになるってワケだ。",3e9209ca9223746229eb325d4a7984f9:21300000,,,Center,0,Default,,,block_2,,,,,,"{""version"":1,""type"":""ScenarioSystem.Model.Actions.DialogueAction"",""properties"":[]}"
04918a91d8e32bc18aa171044ce08f51,988f7a64cd0b75ac79c08812eb7b51e0,action,ScenarioSystem.Model.Actions.DialogueAction,Ch1_Extraction_2,8cbed129f0c1f0d44b1a9f89e42b5ec3:11400000,ヒイラギ,もう、分かりそうですけどね...。,af72a48b6a567c14fb1bebe66378a12c:21300000,,,Right,0,Default,,,block_2,,,,,,"{""version"":1,""type"":""ScenarioSystem.Model.Actions.DialogueAction"",""properties"":[]}"
99b37d978c77fa2bfdfe91eb5ade25e4,988f7a64cd0b75ac79c08812eb7b51e0,action,ScenarioSystem.Model.Actions.DialogueAction,Ch1_Extraction_2,8cbed129f0c1f0d44b1a9f89e42b5ec3:11400000,カチョウ,まあ今回はそうかもしれないが、大抵はそう簡単にゃいかん。,13979ae4426a346a99d92c1682e2c956:21300000,,,Center,0,Default,,,block_2,,,,,,"{""version"":1,""type"":""ScenarioSystem.Model.Actions.DialogueAction"",""properties"":[]}"
e0d2afde3c5262a1e620f27583c226e4,988f7a64cd0b75ac79c08812eb7b51e0,action,ScenarioSystem.Model.Actions.DialogueAction,Ch1_Extraction_2,8cbed129f0c1f0d44b1a9f89e42b5ec3:11400000,カチョウ,研修だからな。丁寧にやるぞ。,13979ae4426a346a99d92c1682e2c956:21300000,,,Center,0,Default,,,block_2,,,,,,"{""version"":1,""type"":""ScenarioSystem.Model.Actions.DialogueAction"",""properties"":[]}"
fc995d7da41d4f70a1f80272cef696b8,988f7a64cd0b75ac79c08812eb7b51e0,action,ScenarioSystem.Model.Actions.DialogueAction,Ch1_Extraction_2,8cbed129f0c1f0d44b1a9f89e42b5ec3:11400000,カチョウ,さて、特定にはもう少し手順がある。,3e9209ca9223746229eb325d4a7984f9:21300000,,,Center,0,Default,,,block_2,,,,,,"{""version"":1,""type"":""ScenarioSystem.Model.Actions.DialogueAction"",""properties"":[]}"
4d8cbb07fb4d4797e1acc2735e5a9df7,988f7a64cd0b75ac79c08812eb7b51e0,action,ScenarioSystem.Model.Actions.DialogueAction,Ch1_Extraction_2,8cbed129f0c1f0d44b1a9f89e42b5ec3:11400000,カチョウ,【調律】と【定着】だ。,13979ae4426a346a99d92c1682e2c956:21300000,,,Center,0,Default,,,block_2,,,,,,"{""version"":1,""type"":""ScenarioSystem.Model.Actions.DialogueAction"",""properties"":[]}"
6e76d1d1d64ed4a647c2983972fd32f6,988f7a64cd0b75ac79c08812eb7b51e0,action,ScenarioSystem.Model.Actions.DialogueAction,Ch1_Extraction_2,8cbed129f0c1f0d44b1a9f89e42b5ec3:11400000,カチョウ,キーワードから得た記憶の欠片の波形を適切に【調律】し、１つの塊として【定着】させる...,3e9209ca9223746229eb325d4a7984f9:21300000,,,Center,0,Default,,,block_2,,,,,,"{""version"":1,""type"":""ScenarioSystem.Model.Actions.DialogueAction"",""properties"":[]}"
e66d8cdb0d067ff0fe02c3db3ff8ec8d,988f7a64cd0b75ac79c08812eb7b51e0,action,ScenarioSystem.Model.Actions.DialogueAction,Ch1_Extraction_2,8cbed129f0c1f0d44b1a9f89e42b5ec3:11400000,カチョウ,まあ、口で説明するよりやってみるほうが早い。,3e9209ca9223746229eb325d4a7984f9:21300000,,,Center,0,Default,,,block_2,,,,,,"{""version"":1,""type"":""ScenarioSystem.Model.Actions.DialogueAction"",""properties"":[]}"
a6c3639d4bc7f1dac2a0b82dafd97534,988f7a64cd0b75ac79c08812eb7b51e0,action,ScenarioSystem.Model.Actions.DialogueAction,Ch1_Extraction_2,8cbed129f0c1f0d44b1a9f89e42b5ec3:11400000,カチョウ,行ってこい。,3e9209ca9223746229eb325d4a7984f9:21300000,,,Center,0,Default,,,block_2,,,,,,"{""version"":1,""type"":""ScenarioSystem.Model.Actions.DialogueAction"",""properties"":[]}"
971102b866a73f008c1b275848eedc75,,scenario,ScenarioSystem.Model.ScenarioData,Ch1_06,d07c7287aa1454863aef9b0162a795c1:11400000,,,,,,,,,,,Ch1_Presentation,,,,false,true,"{""version"":1,""type"":""ScenarioSystem.Model.ScenarioData"",""properties"":[]}"
006708f8d0f7a96822847fda9e96e683,971102b866a73f008c1b275848eedc75,action,ScenarioSystem.Model.Actions.DialogueAction,Ch1_Presentation,2e9c7de0d9248464596623e346c76de0:11400000,カチョウ,...できたか。やはり筋が良い。,13979ae4426a346a99d92c1682e2c956:21300000,,,Center,0,Default,,,block_1,,,,,,"{""version"":1,""type"":""ScenarioSystem.Model.Actions.DialogueAction"",""properties"":[]}"
299a011ab022ac060d9bba4147c47e54,971102b866a73f008c1b275848eedc75,action,ScenarioSystem.Model.Actions.DialogueAction,Ch1_Presentation,2e9c7de0d9248464596623e346c76de0:11400000,ヒイラギ,えへへ、そうですか？,c6664164735479547b44e3983d093028:21300000,,,Right,0,Default,,,block_1,,,,,,"{""version"":1,""type"":""ScenarioSystem.Model.Actions.DialogueAction"",""properties"":[]}"
467079a829320c23a8db7f090dc000db,971102b866a73f008c1b275848eedc75,action,ScenarioSystem.Model.Actions.DialogueAction,Ch1_Presentation,2e9c7de0d9248464596623e346c76de0:11400000,カチョウ,"これで、""なくしもの""が特定できるってワケだ。",13979ae4426a346a99d92c1682e2c956:21300000,,,Center,0,Default,,,block_1,,,,,,"{""version"":1,""type"":""ScenarioSystem.Model.Actions.DialogueAction"",""properties"":[]}"
222b315806ef449a918182e7486cc84a,971102b866a73f008c1b275848eedc75,action,ScenarioSystem.Model.Actions.DialogueAction,Ch1_Presentation,2e9c7de0d9248464596623e346c76de0:11400000,ヒイラギ,カチョウさんのなくしもの...じゃなかった、好物は........,978560c834e86ef409145f97e580475c:21300000,,,Right,0,Default,,,block_1,,,,,,"{""version"":1,""type"":""ScenarioSystem.Model.Actions.DialogueAction"",""properties"":[]}"
dc85b88a477be41347640276f4ead18d,971102b866a73f008c1b275848eedc75,action,ScenarioSystem.Model.Actions.DialogueAction,Ch1_Presentation,2e9c7de0d9248464596623e346c76de0:11400000,ヒイラギ,もしや「ガソリン」ですか？,e737cd1ec1da2df4190bdc1966909c8f:21300000,,,Right,0,Default,,,block_1,,,,,,"{""version"":1,""type"":""ScenarioSystem.Model.Actions.DialogueAction"",""properties"":[]}"
2562fcb486b20c34e5ce6fc398c25182,971102b866a73f008c1b275848eedc75,action,ScenarioSystem.Model.Actions.DialogueAction,Ch1_Presentation,2e9c7de0d9248464596623e346c76de0:11400000,カチョウ,...正解だ。,3e9209ca9223746229eb325d4a7984f9:21300000,,,Center,0,Default,,,block_1,,,,,,"{""version"":1,""type"":""ScenarioSystem.Model.Actions.DialogueAction"",""properties"":[]}"
6624af596b9fc658aa7603794416845d,971102b866a73f008c1b275848eedc75,action,ScenarioSystem.Model.Actions.DialogueAction,Ch1_Presentation,2e9c7de0d9248464596623e346c76de0:11400000,ヒイラギ,なんというか...,4f9f844a1ae135f4a985f8194c0cd42c:21300000,,,Right,0,Default,,,block_1,,,,,,"{""version"":1,""type"":""ScenarioSystem.Model.Actions.DialogueAction"",""properties"":[]}"
674cacc8bad728d6b69d758f74c317d1,971102b866a73f008c1b275848eedc75,action,ScenarioSystem.Model.Actions.DialogueAction,Ch1_Presentation,2e9c7de0d9248464596623e346c76de0:11400000,ヒイラギ,驚くほど見た目通りですね...?,4f9f844a1ae135f4a985f8194c0cd42c:21300000,,,Right,0,Default,,,block_1,,,,,,"{""version"":1,""type"":""ScenarioSystem.Model.Actions.DialogueAction"",""properties"":[]}"
43f1784ae8dd47c07f947b942c348165,971102b866a73f008c1b275848eedc75,action,ScenarioSystem.Model.Actions.DialogueAction,Ch1_Presentation,2e9c7de0d9248464596623e346c76de0:11400000,カチョウ,なんだ、バイク頭がガソリン好きじゃ変か？,13979ae4426a346a99d92c1682e2c956:21300000,,,Center,0,Default,,,block_1,,,,,,"{""version"":1,""type"":""ScenarioSystem.Model.Actions.DialogueAction"",""properties"":[]}"
b63fd208c5ccc8a3bc7fb0c816155640,971102b866a73f008c1b275848eedc75,action,ScenarioSystem.Model.Actions.DialogueAction,Ch1_Presentation,2e9c7de0d9248464596623e346c76de0:11400000,カチョウ,まったく....。,3e9209ca9223746229eb325d4a7984f9:21300000,,,Center,0,Default,,,block_1,,,,,,"{""version"":1,""type"":""ScenarioSystem.Model.Actions.DialogueAction"",""properties"":[]}"
4132b3e60b6351ff345f1d166520faf7,971102b866a73f008c1b275848eedc75,action,ScenarioSystem.Model.Actions.DialogueAction,Ch1_Presentation,2e9c7de0d9248464596623e346c76de0:11400000,カチョウ,仕事の流れは理解できたか？,13979ae4426a346a99d92c1682e2c956:21300000,,,Center,0,Default,,,block_1,,,,,,"{""version"":1,""type"":""ScenarioSystem.Model.Actions.DialogueAction"",""properties"":[]}"
05a74b887dacad82fd1f58e90d4b1450,971102b866a73f008c1b275848eedc75,action,ScenarioSystem.Model.Actions.DialogueAction,Ch1_Presentation,2e9c7de0d9248464596623e346c76de0:11400000,ヒイラギ,まだ全然不安です....！,c6664164735479547b44e3983d093028:21300000,,,Right,0,Default,,,block_1,,,,,,"{""version"":1,""type"":""ScenarioSystem.Model.Actions.DialogueAction"",""properties"":[]}"
cd8bb3d19453289729edd158ba760c92,971102b866a73f008c1b275848eedc75,action,ScenarioSystem.Model.Actions.DialogueAction,Ch1_Presentation,2e9c7de0d9248464596623e346c76de0:11400000,カチョウ,そうかい。じゃあ、最後にアドバイスだけしてやる。,13979ae4426a346a99d92c1682e2c956:21300000,,,Center,0,Default,,,block_1,,,,,,"{""version"":1,""type"":""ScenarioSystem.Model.Actions.DialogueAction"",""properties"":[]}"
4001637ad4fbd61682127cda2a951568,971102b866a73f008c1b275848eedc75,action,ScenarioSystem.Model.Actions.DialogueAction,Ch1_Presentation,2e9c7de0d9248464596623e346c76de0:11400000,カチョウ,"アタシたちは""なくしもの""を見つけるのが仕事だが、大事なのはそこじゃない。",13979ae4426a346a99d92c1682e2c956:21300000,,,Center,0,Default,,,block_1,,,,,,"{""version"":1,""type"":""ScenarioSystem.Model.Actions.DialogueAction"",""properties"":[]}"
d872d6c40902437ea20fea9f5d01c9a0,971102b866a73f008c1b275848eedc75,action,ScenarioSystem.Model.Actions.DialogueAction,Ch1_Presentation,2e9c7de0d9248464596623e346c76de0:11400000,カチョウ,なくしものを見つけて、前世の記憶を呼び起こすのが重要だ。,13979ae4426a346a99d92c1682e2c956:21300000,,,Center,0,Default,,,block_1,,,,,,"{""version"":1,""type"":""ScenarioSystem.Model.Actions.DialogueAction"",""properties"":[]}"
b6e6266bb140ccf1cb38f2350de784f5,971102b866a73f008c1b275848eedc75,action,ScenarioSystem.Model.Actions.DialogueAction,Ch1_Presentation,2e9c7de0d9248464596623e346c76de0:11400000,カチョウ,"だから""なくしもの""はそいつの前世を象徴するものである可能性が高い。",13979ae4426a346a99d92c1682e2c956:21300000,,,Center,0,Default,,,block_1,,,,,,"{""version"":1,""type"":""ScenarioSystem.Model.Actions.DialogueAction"",""properties"":[]}"
c1bb037254f77d9d2004ea4ab4e68db9,971102b866a73f008c1b275848eedc75,action,ScenarioSystem.Model.Actions.DialogueAction,Ch1_Presentation,2e9c7de0d9248464596623e346c76de0:11400000,カチョウ,狭間市は望んだ姿に成れる場所だ。,3e9209ca9223746229eb325d4a7984f9:21300000,,,Center,0,Default,,,block_1,,,,,,"{""version"":1,""type"":""ScenarioSystem.Model.Actions.DialogueAction"",""properties"":[]}"
b610945e42607e215ccfebadf4f0e2b4,971102b866a73f008c1b275848eedc75,action,ScenarioSystem.Model.Actions.DialogueAction,Ch1_Presentation,2e9c7de0d9248464596623e346c76de0:11400000,カチョウ,そいつが嫌うものが前世で、好むものが今の姿だ。,13979ae4426a346a99d92c1682e2c956:21300000,,,Center,0,Default,,,block_1,,,,,,"{""version"":1,""type"":""ScenarioSystem.Model.Actions.DialogueAction"",""properties"":[]}"
632db95addb39ded0d52fa43c09cec81,971102b866a73f008c1b275848eedc75,action,ScenarioSystem.Model.Actions.DialogueAction,Ch1_Presentation,2e9c7de0d9248464596623e346c76de0:11400000,カチョウ,見た目に騙されず、本質を見抜け。,13979ae4426a346a99d92c1682e2c956:21300000,,,Center,0,Default,,,block_1,,,,,,"{""version"":1,""type"":""ScenarioSystem.Model.Actions.DialogueAction"",""properties"":[]}"
ad85954b13610df46bc576026c60ffd6,971102b866a73f008c1b275848eedc75,action,ScenarioSystem.Model.Actions.DialogueAction,Ch1_Presentation,2e9c7de0d9248464596623e346c76de0:11400000,カチョウ,アタシが言えることはそれくらいだな。,13979ae4426a346a99d92c1682e2c956:21300000,,,Center,0,Default,,,block_1,,,,,,"{""version"":1,""type"":""ScenarioSystem.Model.Actions.DialogueAction"",""properties"":[]}"
6b97810009294512c9bf6b2e9487b467,971102b866a73f008c1b275848eedc75,action,ScenarioSystem.Model.Actions.SceneTransitionAction,ToChapterSelect,5f2341f1c502946ce8f9d4cff3f346d6:11400000,,,,,,,,,,,,,,,,,"{""version"":1,""type"":""ScenarioSystem.Model.Actions.SceneTransitionAction"",""properties"":[{""path"":""targetSceneName"",""kind"":""String"",""value"":""""},{""path"":""useChapterSelect"",""kind"":""Boolean"",""value"":true}]}"
091456408292391e0f12b006b4ea98cf,,scenario,ScenarioSystem.Model.ScenarioData,Ch1_2.5,a091bf9e92a89b24194cc8f57031b440:11400000,,,,,,,,,,,Ch1_Prologue,,,,false,true,"{""version"":1,""type"":""ScenarioSystem.Model.ScenarioData"",""properties"":[]}"
ff173d0ac471fa1fe248afcd9581b6b7,091456408292391e0f12b006b4ea98cf,action,ScenarioSystem.Model.Actions.DialogueAction,Ch1_Dialogue_6,8c8d2028fe6fb1c43904d15b26ed06fc:11400000,カチョウ,まずはアタシで練習しよう。,13979ae4426a346a99d92c1682e2c956:21300000,,,Center,0,Default,,,block_1,,,,,,"{""version"":1,""type"":""ScenarioSystem.Model.Actions.DialogueAction"",""properties"":[]}"
f0dfecccf3cd48a693a6241935ff5115,091456408292391e0f12b006b4ea98cf,action,ScenarioSystem.Model.Actions.DialogueAction,Ch1_Dialogue_6,8c8d2028fe6fb1c43904d15b26ed06fc:11400000,カチョウ,"魂の""なくしもの""をしたヤツは、決まってここのカウンターにやってくる。",13979ae4426a346a99d92c1682e2c956:21300000,,,Center,0,Default,,,block_1,,,,,,"{""version"":1,""type"":""ScenarioSystem.Model.Actions.DialogueAction"",""properties"":[]}"
08be1211ef29299f029b53ef51e683ec,091456408292391e0f12b006b4ea98cf,action,ScenarioSystem.Model.Actions.DialogueAction,Ch1_Dialogue_6,8c8d2028fe6fb1c43904d15b26ed06fc:11400000,カチョウ,"アタシはそれを""ナクシビト""と呼んでる。",13979ae4426a346a99d92c1682e2c956:21300000,,,Center,0,Default,,,block_1,,,,,,"{""version"":1,""type"":""ScenarioSystem.Model.Actions.DialogueAction"",""properties"":[]}"
0b5dd20ca70417e6504e1ba4d07a418e,091456408292391e0f12b006b4ea98cf,action,ScenarioSystem.Model.Actions.DialogueAction,Ch1_Dialogue_6,8c8d2028fe6fb1c43904d15b26ed06fc:11400000,ヒイラギ,"""ナクシビト"".......。",a40c8a8554842674688d03ea14af1ee2:21300000,,,Right,0,Default,,,block_1,,,,,,"{""version"":1,""type"":""ScenarioSystem.Model.Actions.DialogueAction"",""properties"":[]}"
512f436ec31ffe98167c6680f6acbac0,091456408292391e0f12b006b4ea98cf,action,ScenarioSystem.Model.Actions.DialogueAction,Ch1_Dialogue_6,8c8d2028fe6fb1c43904d15b26ed06fc:11400000,カチョウ,今回は、アタシがナクシビトの役だ。,3e9209ca9223746229eb325d4a7984f9:21300000,,,Center,0,Default,,,block_1,,,,,,"{""version"":1,""type"":""ScenarioSystem.Model.Actions.DialogueAction"",""properties"":[]}"
e9db43d0d692d8dd208b9a5bb546922f,091456408292391e0f12b006b4ea98cf,action,ScenarioSystem.Model.Actions.DialogueAction,Ch1_Dialogue_6,8c8d2028fe6fb1c43904d15b26ed06fc:11400000,カチョウ,"ここ、「遺失物管理課」の役目は、魂の遺失物、すなわち""前世の記憶""を返す事だ。",13979ae4426a346a99d92c1682e2c956:21300000,,,Center,0,Default,,,block_1,,,,,,"{""version"":1,""type"":""ScenarioSystem.Model.Actions.DialogueAction"",""properties"":[]}"
2bf4d14e0c3b836107a5d1aacae8c1ac,091456408292391e0f12b006b4ea98cf,action,ScenarioSystem.Model.Actions.DialogueAction,Ch1_Dialogue_6,8c8d2028fe6fb1c43904d15b26ed06fc:11400000,ヒイラギ,"""前世の記憶""....?そういえば、私も記憶がありませんでしたね。",cf9936dd7a8bad7439b56bf8078612c5:21300000,,,Right,0,Default,,,block_1,,,,,,"{""version"":1,""type"":""ScenarioSystem.Model.Actions.DialogueAction"",""properties"":[]}"
4836796649fd09b2654a993e82d1bfeb,091456408292391e0f12b006b4ea98cf,action,ScenarioSystem.Model.Actions.DialogueAction,Ch1_Dialogue_6,8c8d2028fe6fb1c43904d15b26ed06fc:11400000,カチョウ,狭間市に来た奴は、みんな記憶を失うからな。,13979ae4426a346a99d92c1682e2c956:21300000,,,Center,0,Default,,,block_1,,,,,,"{""version"":1,""type"":""ScenarioSystem.Model.Actions.DialogueAction"",""properties"":[]}"
0f219738de5d19b15593c94dc4110159,091456408292391e0f12b006b4ea98cf,action,ScenarioSystem.Model.Actions.DialogueAction,Ch1_Dialogue_6,8c8d2028fe6fb1c43904d15b26ed06fc:11400000,カチョウ,そういう場所なんだ、ここは。,3e9209ca9223746229eb325d4a7984f9:21300000,,,Center,0,Default,,,block_1,,,,,,"{""version"":1,""type"":""ScenarioSystem.Model.Actions.DialogueAction"",""properties"":[]}"
70bdb2355abe100d1782d893b4b85375,091456408292391e0f12b006b4ea98cf,action,ScenarioSystem.Model.Actions.DialogueAction,Ch1_Dialogue_6,8c8d2028fe6fb1c43904d15b26ed06fc:11400000,カチョウ,"さて、前世の記憶を戻すためには、トリガーとなるアイテム...""なくしもの""が必要だ。",13979ae4426a346a99d92c1682e2c956:21300000,,,Center,0,Default,,,block_1,,,,,,"{""version"":1,""type"":""ScenarioSystem.Model.Actions.DialogueAction"",""properties"":[]}"
0776a44e930bde4253453624a938c1bd,091456408292391e0f12b006b4ea98cf,action,ScenarioSystem.Model.Actions.DialogueAction,Ch1_Dialogue_6,8c8d2028fe6fb1c43904d15b26ed06fc:11400000,カチョウ,それを特定するために必要なのが、その写真機だ。,13979ae4426a346a99d92c1682e2c956:21300000,,,Center,0,Default,,,block_1,,,,,,"{""version"":1,""type"":""ScenarioSystem.Model.Actions.DialogueAction"",""properties"":[]}"
5adf7cdaf34792d5b2ddf6ac5dcbf5a3,091456408292391e0f12b006b4ea98cf,action,ScenarioSystem.Model.Actions.DialogueAction,Ch1_Dialogue_6,8c8d2028fe6fb1c43904d15b26ed06fc:11400000,カチョウ,"それは「メモライザー」と言ってな。適切な手順を踏むことで、""なくしもの""を特定できる特別製だ。",13979ae4426a346a99d92c1682e2c956:21300000,,,Center,0,Default,,,block_1,,,,,,"{""version"":1,""type"":""ScenarioSystem.Model.Actions.DialogueAction"",""properties"":[]}"
5225474feb8b9e870dab77b062a95690,091456408292391e0f12b006b4ea98cf,action,ScenarioSystem.Model.Actions.DialogueAction,Ch1_Dialogue_6,8c8d2028fe6fb1c43904d15b26ed06fc:11400000,カチョウ,"それで""なくしもの""を見つける作業....それを「現像（メモライズ）」という。",13979ae4426a346a99d92c1682e2c956:21300000,,,Center,0,Default,,,block_1,,,,,,"{""version"":1,""type"":""ScenarioSystem.Model.Actions.DialogueAction"",""properties"":[]}"
dcfc6da34ade2b33a8ba82cf37f80460,091456408292391e0f12b006b4ea98cf,action,ScenarioSystem.Model.Actions.DialogueAction,Ch1_Dialogue_6,8c8d2028fe6fb1c43904d15b26ed06fc:11400000,カチョウ,さっそくやってみるかね。,13979ae4426a346a99d92c1682e2c956:21300000,,,Center,0,Default,,,block_1,,,,,,"{""version"":1,""type"":""ScenarioSystem.Model.Actions.DialogueAction"",""properties"":[]}"
f9ab317e5fe5bc18f5cadf6858b490bf,091456408292391e0f12b006b4ea98cf,action,ScenarioSystem.Model.Actions.DialogueAction,Ch1_Dialogue_6,8c8d2028fe6fb1c43904d15b26ed06fc:11400000,カチョウ,今から、アタシの好物の特徴を言う。,13979ae4426a346a99d92c1682e2c956:21300000,,,Center,0,Default,,,block_1,,,,,,"{""version"":1,""type"":""ScenarioSystem.Model.Actions.DialogueAction"",""properties"":[]}"
735c37ddf9487a41700ad36221a6b906,091456408292391e0f12b006b4ea98cf,action,ScenarioSystem.Model.Actions.DialogueAction,Ch1_Dialogue_6,8c8d2028fe6fb1c43904d15b26ed06fc:11400000,カチョウ,メモライザーを通してアタシを見ると、特徴的なセリフが見つかるはずだ。,13979ae4426a346a99d92c1682e2c956:21300000,,,Center,0,Default,,,block_1,,,,,,"{""version"":1,""type"":""ScenarioSystem.Model.Actions.DialogueAction"",""properties"":[]}"
f5feab3221b279a8c22f3052b7be15e2,091456408292391e0f12b006b4ea98cf,action,ScenarioSystem.Model.Actions.DialogueAction,Ch1_Dialogue_6,8c8d2028fe6fb1c43904d15b26ed06fc:11400000,ヒイラギ,<size=80%>なんか、セリフにカーソルを合わせるとわかる気がします！</size>,c6664164735479547b44e3983d093028:21300000,,,Right,0,Default,,,block_1,,,,,,"{""version"":1,""type"":""ScenarioSystem.Model.Actions.DialogueAction"",""properties"":[]}"
f27de670b7823a1fd5f7445c0ee4d0c6,091456408292391e0f12b006b4ea98cf,action,ScenarioSystem.Model.Actions.DialogueAction,Ch1_Dialogue_6,8c8d2028fe6fb1c43904d15b26ed06fc:11400000,カチョウ,それが「キーワード」だ。,3e9209ca9223746229eb325d4a7984f9:21300000,,,Center,0,Default,,,block_1,,,,,,"{""version"":1,""type"":""ScenarioSystem.Model.Actions.DialogueAction"",""properties"":[]}"
1631dea1e5f10ce643e5a310403b85ae,091456408292391e0f12b006b4ea98cf,action,ScenarioSystem.Model.Actions.DialogueAction,Ch1_Dialogue_6,8c8d2028fe6fb1c43904d15b26ed06fc:11400000,カチョウ,"キーワードを集めることで、""現像""の段階が進む。",3e9209ca9223746229eb325d4a7984f9:21300000,,,Center,0,Default,,,block_1,,,,,,"{""version"":1,""type"":""ScenarioSystem.Model.Actions.DialogueAction"",""properties"":[]}"
846eab43e509f816df26001082c432bd,091456408292391e0f12b006b4ea98cf,action,ScenarioSystem.Model.Actions.DialogueAction,Ch1_Dialogue_6,8c8d2028fe6fb1c43904d15b26ed06fc:11400000,カチョウ,大抵は３つ、集めると次の段階に進める。,13979ae4426a346a99d92c1682e2c956:21300000,,,Center,0,Default,,,block_1,,,,,,"{""version"":1,""type"":""ScenarioSystem.Model.Actions.DialogueAction"",""properties"":[]}"
19450b2fcab59cc427acc46dbad4b18f,091456408292391e0f12b006b4ea98cf,action,ScenarioSystem.Model.Actions.DialogueAction,Ch1_Dialogue_6,8c8d2028fe6fb1c43904d15b26ed06fc:11400000,カチョウ,じゃ、やってみるか。,13979ae4426a346a99d92c1682e2c956:21300000,,,Center,0,Default,,,block_1,,,,,,"{""version"":1,""type"":""ScenarioSystem.Model.Actions.DialogueAction"",""properties"":[]}"
774dd27d052528799d55ae9ab58acf1d,091456408292391e0f12b006b4ea98cf,action,ScenarioSystem.Model.Actions.DialogueAction,Ch1_Dialogue_6,8c8d2028fe6fb1c43904d15b26ed06fc:11400000,ヒイラギ,早速ですか！？う～、できるかな....,4f9f844a1ae135f4a985f8194c0cd42c:21300000,,,Right,0,Default,,,block_1,,,,,,"{""version"":1,""type"":""ScenarioSystem.Model.Actions.DialogueAction"",""properties"":[]}"
693dfe35eab242d0145fb94b139f3d3f,091456408292391e0f12b006b4ea98cf,action,ScenarioSystem.Model.Actions.DialogueAction,Ch1_Dialogue_6,8c8d2028fe6fb1c43904d15b26ed06fc:11400000,カチョウ,まあ、やってみな。,13979ae4426a346a99d92c1682e2c956:21300000,,,Center,0,Default,,,block_1,,,,,,"{""version"":1,""type"":""ScenarioSystem.Model.Actions.DialogueAction"",""properties"":[]}"
4c17c8e2ad5f2b73d17eb0a734e1e497,091456408292391e0f12b006b4ea98cf,action,ScenarioSystem.Model.Actions.OverlayAction,Ch1_Overlay_01,7c5d188470b449a448542f128b4861f6:11400000,System,"キーワードは、台詞にカーソルを合わせると見つけ出すことができます。
カーソルを合わせた状態で長押しすることで、キーワードを取得することができます。",,,,Center,,,,0,,,,,,,"{""version"":1,""type"":""ScenarioSystem.Model.Actions.OverlayAction"",""properties"":[]}"
1b1dfb4e89f9eee57df31a985a383fef,091456408292391e0f12b006b4ea98cf,action,ScenarioSystem.Model.Actions.OverlayAction,Ch1_Overlay_02,a7f0843314d2109499fc7d7b9f5f1c54:11400000,System,「対話開始」ボタンを押して会話を始めます,,,,Center,,,,0,,,,,,,"{""version"":1,""type"":""ScenarioSystem.Model.Actions.OverlayAction"",""properties"":[]}"
7b6d019a4a43d951b78f39bb7a23e9c3,091456408292391e0f12b006b4ea98cf,action,ScenarioSystem.Model.Actions.ProgressUpdateAction,AdvancePhase,b2015826a2bc54834a2a1f0904f1a0de:11400000,,,,,,,,,,,,,,,,,"{""version"":1,""type"":""ScenarioSystem.Model.Actions.ProgressUpdateAction"",""properties"":[{""path"":""actionType"",""kind"":""Enum"",""value"":0},{""path"":""targetChapter"",""kind"":""Integer"",""value"":1},{""path"":""targetPhase"",""kind"":""Enum"",""value"":1}]}"
727d8f1537979e50f78303e6cd3725d6,091456408292391e0f12b006b4ea98cf,action,ScenarioSystem.Model.Actions.DialogueStartButtonAction,ShowDialogueStartButton,dbc025c096b0449ebedaf24aa8b22d79:11400000,,,,,,,,,,,,,,,,,"{""version"":1,""type"":""ScenarioSystem.Model.Actions.DialogueStartButtonAction"",""properties"":[{""path"":""visible"",""kind"":""Boolean"",""value"":true}]}"
75f9261b23442f8865998349cdbb54f4,,scenario,ScenarioSystem.Model.ScenarioData,Ch1_DialogueStart,2e3e081a59cd4e341908c507829ef246:11400000,,,,,,,,,,,Ch1_DialogueStart,,,,false,true,"{""version"":1,""type"":""ScenarioSystem.Model.ScenarioData"",""properties"":[]}"
2abfa0fcbd68904e4bb21421df6acfff,75f9261b23442f8865998349cdbb54f4,action,ScenarioSystem.Model.Actions.PortraitInteractableAction,EnableClick,f146ef37397974dce8fe39bb05bc5d0a:11400000,,,,,,,,,,,,,,,,,"{""version"":1,""type"":""ScenarioSystem.Model.Actions.PortraitInteractableAction"",""properties"":[{""path"":""isInteractable"",""kind"":""Boolean"",""value"":true},{""path"":""updateOverlay"",""kind"":""Boolean"",""value"":true}]}"
434f4abcc2a30c3479f03e759ac1a37d,75f9261b23442f8865998349cdbb54f4,action,ScenarioSystem.Model.Actions.KeywordEnableAction,KeywordEnableAction,96f300603b9634d519eb523a12a3649f:11400000,,,,,,,,,,,,,,,,,"{""version"":1,""type"":""ScenarioSystem.Model.Actions.KeywordEnableAction"",""properties"":[{""path"":""enable"",""kind"":""Boolean"",""value"":true}]}"
b1e49a35d9f21cf65c773343b536c394,75f9261b23442f8865998349cdbb54f4,action,ScenarioSystem.Model.Actions.ProgressUpdateAction,AdvancePhase,b2015826a2bc54834a2a1f0904f1a0de:11400000,,,,,,,,,,,,,,,,,"{""version"":1,""type"":""ScenarioSystem.Model.Actions.ProgressUpdateAction"",""properties"":[{""path"":""actionType"",""kind"":""Enum"",""value"":0},{""path"":""targetChapter"",""kind"":""Integer"",""value"":1},{""path"":""targetPhase"",""kind"":""Enum"",""value"":1}]}"
76ee5b424462bb36a09d26634da898c2,75f9261b23442f8865998349cdbb54f4,action,ScenarioSystem.Model.Actions.DialogueAction,Ch1_Dialogue_6.5,f921cae1b50e80049a50b30e94d19b8b:11400000,カチョウ,さて...,13979ae4426a346a99d92c1682e2c956:21300000,,,Center,0,Default,,,block_4,,,,,,"{""version"":1,""type"":""ScenarioSystem.Model.Actions.DialogueAction"",""properties"":[]}"
fc06346182687e6f9dd1874a1f68eaea,75f9261b23442f8865998349cdbb54f4,action,ScenarioSystem.Model.Actions.OverlayAction,Ch1_Overlay_02,a7f0843314d2109499fc7d7b9f5f1c54:11400000,System,「対話開始」ボタンを押して会話を始めます,,,,Center,,,,0,,,,,,,"{""version"":1,""type"":""ScenarioSystem.Model.Actions.OverlayAction"",""properties"":[]}"
9d411b1e7292a3106b347b36339667cb,75f9261b23442f8865998349cdbb54f4,action,ScenarioSystem.Model.Actions.DialogueStartButtonAction,ShowDialogueStartButton,dbc025c096b0449ebedaf24aa8b22d79:11400000,,,,,,,,,,,,,,,,,"{""version"":1,""type"":""ScenarioSystem.Model.Actions.DialogueStartButtonAction"",""properties"":[{""path"":""visible"",""kind"":""Boolean"",""value"":true}]}"
0215e6745f6739b07c5808fc47fd6f17,,scenario,ScenarioSystem.Model.ScenarioData,Ch1_ExtractionComplete,d964098afbe004c118029d6d9d72ad8c:11400000,,,,,,,,,,,,,,,false,true,"{""version"":1,""type"":""ScenarioSystem.Model.ScenarioData"",""properties"":[]}"
b4a8344f2086370b08a54e99f457c256,0215e6745f6739b07c5808fc47fd6f17,action,ScenarioSystem.Model.Actions.DialogueAction,Ch1_Extraction_2,8cbed129f0c1f0d44b1a9f89e42b5ec3:11400000,カチョウ,キーワードを全て見つけたようだね。,13979ae4426a346a99d92c1682e2c956:21300000,,,Center,0,Default,,,block_1,,,,,,"{""version"":1,""type"":""ScenarioSystem.Model.Actions.DialogueAction"",""properties"":[]}"
0f09ee325eff57ed768bd33bc9ffe8f6,0215e6745f6739b07c5808fc47fd6f17,action,ScenarioSystem.Model.Actions.DialogueAction,Ch1_Extraction_2,8cbed129f0c1f0d44b1a9f89e42b5ec3:11400000,ヒイラギ,結構簡単でしたよ！ほんとに...,4f9f844a1ae135f4a985f8194c0cd42c:21300000,,,Right,0,Default,,,block_1,,,,,,"{""version"":1,""type"":""ScenarioSystem.Model.Actions.DialogueAction"",""properties"":[]}"
7c4ba9e77160601a58ac6e36208df039,0215e6745f6739b07c5808fc47fd6f17,action,ScenarioSystem.Model.Actions.DialogueAction,Ch1_Extraction_2,8cbed129f0c1f0d44b1a9f89e42b5ec3:11400000,カチョウ,そうかい。仕事ができるってのは使いつぶすのにもってこいだわな。,13979ae4426a346a99d92c1682e2c956:21300000,,,Center,0,Default,,,block_1,,,,,,"{""version"":1,""type"":""ScenarioSystem.Model.Actions.DialogueAction"",""properties"":[]}"
8e98eefd31f3467ef97ea86733200846,0215e6745f6739b07c5808fc47fd6f17,action,ScenarioSystem.Model.Actions.DialogueAction,Ch1_Extraction_2,8cbed129f0c1f0d44b1a9f89e42b5ec3:11400000,ヒイラギ,ひぇ....,af72a48b6a567c14fb1bebe66378a12c:21300000,,,Right,0,Default,,,block_1,,,,,,"{""version"":1,""type"":""ScenarioSystem.Model.Actions.DialogueAction"",""properties"":[]}"
a70043f31e9344cd14bd2eab71d862c1,0215e6745f6739b07c5808fc47fd6f17,action,ScenarioSystem.Model.Actions.DialogueAction,Ch1_Extraction_2,8cbed129f0c1f0d44b1a9f89e42b5ec3:11400000,カチョウ,"で、今見つけたキーワードが""なくしもの""を見つけ出すヒントになるってワケだ。",3e9209ca9223746229eb325d4a7984f9:21300000,,,Center,0,Default,,,block_1,,,,,,"{""version"":1,""type"":""ScenarioSystem.Model.Actions.DialogueAction"",""properties"":[]}"
bb2a0512cd2b2b235fbcb4d427d66eee,0215e6745f6739b07c5808fc47fd6f17,action,ScenarioSystem.Model.Actions.DialogueAction,Ch1_Extraction_2,8cbed129f0c1f0d44b1a9f89e42b5ec3:11400000,ヒイラギ,もう、分かりそうですけどね...。,af72a48b6a567c14fb1bebe66378a12c:21300000,,,Right,0,Default,,,block_1,,,,,,"{""version"":1,""type"":""ScenarioSystem.Model.Actions.DialogueAction"",""properties"":[]}"
b20787e3711d69fcd7374356b8e429e4,0215e6745f6739b07c5808fc47fd6f17,action,ScenarioSystem.Model.Actions.DialogueAction,Ch1_Extraction_2,8cbed129f0c1f0d44b1a9f89e42b5ec3:11400000,カチョウ,まあ今回はそうかもしれないが、大抵はそう簡単にゃいかん。,13979ae4426a346a99d92c1682e2c956:21300000,,,Center,0,Default,,,block_1,,,,,,"{""version"":1,""type"":""ScenarioSystem.Model.Actions.DialogueAction"",""properties"":[]}"
0bdb6d6b37085b5ce6f8d21a7fb14b2b,0215e6745f6739b07c5808fc47fd6f17,action,ScenarioSystem.Model.Actions.DialogueAction,Ch1_Extraction_2,8cbed129f0c1f0d44b1a9f89e42b5ec3:11400000,カチョウ,研修だからな。丁寧にやるぞ。,13979ae4426a346a99d92c1682e2c956:21300000,,,Center,0,Default,,,block_1,,,,,,"{""version"":1,""type"":""ScenarioSystem.Model.Actions.DialogueAction"",""properties"":[]}"
92a4e893a8d94043b60922d2c31f470f,0215e6745f6739b07c5808fc47fd6f17,action,ScenarioSystem.Model.Actions.DialogueAction,Ch1_Extraction_2,8cbed129f0c1f0d44b1a9f89e42b5ec3:11400000,カチョウ,さて、特定にはもう少し手順がある。,3e9209ca9223746229eb325d4a7984f9:21300000,,,Center,0,Default,,,block_1,,,,,,"{""version"":1,""type"":""ScenarioSystem.Model.Actions.DialogueAction"",""properties"":[]}"
bf5f06d31ea49e797b221db29f26d347,0215e6745f6739b07c5808fc47fd6f17,action,ScenarioSystem.Model.Actions.DialogueAction,Ch1_Extraction_2,8cbed129f0c1f0d44b1a9f89e42b5ec3:11400000,カチョウ,【調律】と【定着】だ。,13979ae4426a346a99d92c1682e2c956:21300000,,,Center,0,Default,,,block_1,,,,,,"{""version"":1,""type"":""ScenarioSystem.Model.Actions.DialogueAction"",""properties"":[]}"
2acae75d6cd138dce3a8a9735a9e88b1,0215e6745f6739b07c5808fc47fd6f17,action,ScenarioSystem.Model.Actions.DialogueAction,Ch1_Extraction_2,8cbed129f0c1f0d44b1a9f89e42b5ec3:11400000,カチョウ,キーワードから得た記憶の欠片の波形を適切に【調律】し、１つの塊として【定着】させる...,3e9209ca9223746229eb325d4a7984f9:21300000,,,Center,0,Default,,,block_1,,,,,,"{""version"":1,""type"":""ScenarioSystem.Model.Actions.DialogueAction"",""properties"":[]}"
3bd3f568c3c49f88215ae7f5b0a9bef4,0215e6745f6739b07c5808fc47fd6f17,action,ScenarioSystem.Model.Actions.DialogueAction,Ch1_Extraction_2,8cbed129f0c1f0d44b1a9f89e42b5ec3:11400000,カチョウ,まあ、口で説明するよりやってみるほうが早い。,3e9209ca9223746229eb325d4a7984f9:21300000,,,Center,0,Default,,,block_1,,,,,,"{""version"":1,""type"":""ScenarioSystem.Model.Actions.DialogueAction"",""properties"":[]}"
90e667a9857a0e5f5172b8d51e167b75,0215e6745f6739b07c5808fc47fd6f17,action,ScenarioSystem.Model.Actions.DialogueAction,Ch1_Extraction_2,8cbed129f0c1f0d44b1a9f89e42b5ec3:11400000,カチョウ,行ってこい。,3e9209ca9223746229eb325d4a7984f9:21300000,,,Center,0,Default,,,block_1,,,,,,"{""version"":1,""type"":""ScenarioSystem.Model.Actions.DialogueAction"",""properties"":[]}"
90da522a5cd67ed160938dc00e48a501,,scenario,ScenarioSystem.Model.ScenarioData,Ch1_Fixation,1b3de7ed78e240c99a4fcf3f6be722fd:11400000,,,,,,,,,,,Ch1_Fixation,,,,false,true,"{""version"":1,""type"":""ScenarioSystem.Model.ScenarioData"",""properties"":[]}"
7ea6d8476815fbab3e105b85197e2263,90da522a5cd67ed160938dc00e48a501,action,ScenarioSystem.Model.Actions.OverlayAction,Ch1_Tuning_5,7cb8c01aef68143e3912b4ab5ec9b979:11400000,System,【定着】は、シンプルな一筆書きパズルのミニゲームです。,,,,Center,,,,0,,,,,,,"{""version"":1,""type"":""ScenarioSystem.Model.Actions.OverlayAction"",""properties"":[]}"
a040747156556e0c4743f9087d97a177,90da522a5cd67ed160938dc00e48a501,action,ScenarioSystem.Model.Actions.OverlayAction,Ch1_Tuning_6,1e819a6a130fd41b58702b75525de0d9:11400000,System,マウスを使ってパネルをなぞると、パズルを解くことができます。,,,,Center,,,,0,,,,,,,"{""version"":1,""type"":""ScenarioSystem.Model.Actions.OverlayAction"",""properties"":[]}"
55af9867f1260e28663659dbbbee1098,,scenario,ScenarioSystem.Model.ScenarioData,Ch1_KeyWord_01,43d8eddbb107d4fc6839808412091a23:11400000,,,,,,,,,,,Data1,,,,false,true,"{""version"":1,""type"":""ScenarioSystem.Model.ScenarioData"",""properties"":[]}"
acf5ce890fd4a3ae07667f161ae910b0,55af9867f1260e28663659dbbbee1098,action,ScenarioSystem.Model.Actions.OverlayAction,Ch1_KeyWord_1,83685c137fb2b4e4ca6ae170849a7334:11400000,ヒイラギ,"""バイク""....",a40c8a8554842674688d03ea14af1ee2:21300000,,,Right,,,,0,,,,,,,"{""version"":1,""type"":""ScenarioSystem.Model.Actions.OverlayAction"",""properties"":[]}"
c07f1969b117f8cb2c969b69bd78116e,55af9867f1260e28663659dbbbee1098,action,ScenarioSystem.Model.Actions.OverlayAction,Ch1_KeyWord_1_2,ea2bf58f179cdcd4eba2c93022f9d308:11400000,ヒイラギ,"やっぱり、走るのが早かったりするのかな？
普通の食べ物は食べなさそうだよね....。",978560c834e86ef409145f97e580475c:21300000,,,Right,,,,0,,,,,,,"{""version"":1,""type"":""ScenarioSystem.Model.Actions.OverlayAction"",""properties"":[]}"
e6b79ff3a1ae1bf1458b5c0d41384dae,,scenario,ScenarioSystem.Model.ScenarioData,Ch1_KeyWord_02,e5b2e0858ed3a4117ac07d291f9e466e:11400000,,,,,,,,,,,Data2,,,,false,true,"{""version"":1,""type"":""ScenarioSystem.Model.ScenarioData"",""properties"":[]}"
136f8d40aa3393ac82849b77a465e9ba,e6b79ff3a1ae1bf1458b5c0d41384dae,action,ScenarioSystem.Model.Actions.OverlayAction,Ch1_KeyWord_2,947b10f811553be4cad9e317a98071f3:11400000,ヒイラギ,"""補給口""...",a40c8a8554842674688d03ea14af1ee2:21300000,,,Right,,,,0,,,,,,,"{""version"":1,""type"":""ScenarioSystem.Model.Actions.OverlayAction"",""properties"":[]}"
28b6a1e864ee030b7ddbd48150fcff1f,e6b79ff3a1ae1bf1458b5c0d41384dae,action,ScenarioSystem.Model.Actions.OverlayAction,Ch1_KeyWord_2_2,997faa68bb3bc3e4d8ec8d9619fc87eb:11400000,ヒイラギ,"液体状の何かを流し込むのかな？
カチョウさんが好きそうな液体って....",978560c834e86ef409145f97e580475c:21300000,,,Right,,,,0,,,,,,,"{""version"":1,""type"":""ScenarioSystem.Model.Actions.OverlayAction"",""properties"":[]}"
768480cb5646e54838c5b223ffb07aa4,,scenario,ScenarioSystem.Model.ScenarioData,Ch1_KeyWord_03,a49418f59afa24c13bc4ea2f1fef6cf0:11400000,,,,,,,,,,,Data3,,,,false,true,"{""version"":1,""type"":""ScenarioSystem.Model.ScenarioData"",""properties"":[]}"
8116feda375ad08515ee49c37b6265f2,768480cb5646e54838c5b223ffb07aa4,action,ScenarioSystem.Model.Actions.OverlayAction,Ch1_KeyWord_3,0be2fdea8029a7f47860045d5330ea71:11400000,ヒイラギ,"""よく燃える""...",a40c8a8554842674688d03ea14af1ee2:21300000,,,Right,,,,0,,,,,,,"{""version"":1,""type"":""ScenarioSystem.Model.Actions.OverlayAction"",""properties"":[]}"
690bc71fef115aabebb1d9d014cae2cf,768480cb5646e54838c5b223ffb07aa4,action,ScenarioSystem.Model.Actions.OverlayAction,Ch1_KeyWord_3_2,7cc18e7948717bc43b888977bea9d14a:11400000,ヒイラギ,"なんだろう？
よく燃える食べ物なんて、そうそう多くないし、もっと違う別のものかも？",a40c8a8554842674688d03ea14af1ee2:21300000,,,Right,,,,0,,,,,,,"{""version"":1,""type"":""ScenarioSystem.Model.Actions.OverlayAction"",""properties"":[]}"
a673f082f94a6cdd667822f0de93b951,,scenario,ScenarioSystem.Model.ScenarioData,Ch1_Tuning,b48481a4c1a54b76852cb2ab9bcf9949:11400000,,,,,,,,,,,Ch1_Tuning,,,,false,true,"{""version"":1,""type"":""ScenarioSystem.Model.ScenarioData"",""properties"":[]}"
b31ae0d137f35b0e0608248c6488b0ae,a673f082f94a6cdd667822f0de93b951,action,ScenarioSystem.Model.Actions.OverlayAction,Ch1_Tuning_1,f2e52e5f318d4452eb801738958cb0a0:11400000,System,【調律】は、左右の赤いポイントを適切な位置に移動するミニゲームです。,,,,Center,,,,0,,,,,,,"{""version"":1,""type"":""ScenarioSystem.Model.Actions.OverlayAction"",""properties"":[]}"
67ae413b13e9aa10b1862cb99ba19dc4,a673f082f94a6cdd667822f0de93b951,action,ScenarioSystem.Model.Actions.OverlayAction,Ch1_Tuning_2,a885446b8828c4e6384d66aa119172dc:11400000,System,"WASDで左、IJKLで右のポイントを移動できます。
後ろの波形が小さいほど、適切な位置に近いです。",,,,Center,,,,0,,,,,,,"{""version"":1,""type"":""ScenarioSystem.Model.Actions.OverlayAction"",""properties"":[]}"
aa726be4d7bd6cbac2664ea0cf2e158e,a673f082f94a6cdd667822f0de93b951,action,ScenarioSystem.Model.Actions.OverlayAction,Ch1_Tuning_3,8d457278ecf6f454591d6376c2eea7b2:11400000,System,適切な位置に入ると、画面がフラッシュします。,,,,Center,,,,0,,,,,,,"{""version"":1,""type"":""ScenarioSystem.Model.Actions.OverlayAction"",""properties"":[]}"
d52106512c46b4875a695a521c80bcfb,a673f082f94a6cdd667822f0de93b951,action,ScenarioSystem.Model.Actions.OverlayAction,Ch1_Tuning_4,0618ec4f275d44ec49817e1f8e1d9586:11400000,System,"エリア内には、NGゾーンが存在します。
触れ続けるとGAMEOVERになるため、避けましょう。",,,,Center,,,,0,,,,,,,"{""version"":1,""type"":""ScenarioSystem.Model.Actions.OverlayAction"",""properties"":[]}"
689d489ce125953609d806a607f0ac74,,scenario,ScenarioSystem.Model.ScenarioData,Ch2_Data1,b309328f19e87f64b9c93fb05119d14e:11400000,,,,,,,,,,,Ch2_Data1,,,,false,true,"{""version"":1,""type"":""ScenarioSystem.Model.ScenarioData"",""properties"":[]}"
a9650fc83441eca6e2fe8f952f55708c,689d489ce125953609d806a607f0ac74,action,ScenarioSystem.Model.Actions.OverlayAction,Ch2_KeyWord_1,43072ee51f0d440f803290fa42aaf935:11400000,ヒイラギ,"【自由】
リドの自由は、ただ飛びたいという願いではない。
踏まれない高さ、届かない場所へ逃げたいという切迫感が混ざっている。",978560c834e86ef409145f97e580475c:21300000,,,Center,,,,0,,,,,,,"{""version"":1,""type"":""ScenarioSystem.Model.Actions.OverlayAction"",""properties"":[]}"
1b0bf98e308cc89793b458bbd787b5b1,689d489ce125953609d806a607f0ac74,action,ScenarioSystem.Model.Actions.OverlayAction,Ch2_KeyWord_1_2,994f0729e9b940eda2b2ac4aadc82c39:11400000,ヒイラギ,"空への憧れは本物。
でもその奥に、下にいる自分を二度と見たくない恐怖がある。",978560c834e86ef409145f97e580475c:21300000,,,Center,,,,0,,,,,,,"{""version"":1,""type"":""ScenarioSystem.Model.Actions.OverlayAction"",""properties"":[]}"
65093a59f068e432c74fea50907c50c0,,scenario,ScenarioSystem.Model.ScenarioData,Ch2_Data2,26d3439238c57b94ba7b7a406547ca62:11400000,,,,,,,,,,,Ch2_Data2,,,,false,true,"{""version"":1,""type"":""ScenarioSystem.Model.ScenarioData"",""properties"":[]}"
e7419e28ef97b3b228e3b42b5b0ce84b,65093a59f068e432c74fea50907c50c0,action,ScenarioSystem.Model.Actions.OverlayAction,Ch2_KeyWord_2,e51f6f31752247028892185864f9a9f8:11400000,ヒイラギ,"【地面を這う】
二足で歩く相手にも、リドは『這う』という言葉を使う。
空か地面か。その二択だけで世界を見ている。",978560c834e86ef409145f97e580475c:21300000,,,Center,,,,0,,,,,,,"{""version"":1,""type"":""ScenarioSystem.Model.Actions.OverlayAction"",""properties"":[]}"
eb2a9ff6f82fd81860eb4dde752fc4ba,65093a59f068e432c74fea50907c50c0,action,ScenarioSystem.Model.Actions.OverlayAction,Ch2_KeyWord_2_2,dd947a7dd5e644feaf0211cc812431f1:11400000,ヒイラギ,"地面への嫌悪は、他人への見下しに見える。
けれど本当は、地面にいた自分自身を拒絶しているのかもしれない。",f3f65e03f4cbec441b408057920c5ed9:21300000,,,Center,,,,0,,,,,,,"{""version"":1,""type"":""ScenarioSystem.Model.Actions.OverlayAction"",""properties"":[]}"
445ab0e5c10b8ea12af933f68fb33c1b,,scenario,ScenarioSystem.Model.ScenarioData,Ch2_Data3,7d220e1d2cec013488e953287dcdbb45:11400000,,,,,,,,,,,Ch2_Data3,,,,false,true,"{""version"":1,""type"":""ScenarioSystem.Model.ScenarioData"",""properties"":[]}"
843958fcf45beb242588bb21d7e0a462,445ab0e5c10b8ea12af933f68fb33c1b,action,ScenarioSystem.Model.Actions.OverlayAction,Ch2_KeyWord_3,2d40df85bd924d89980dad4f27c26152:11400000,ヒイラギ,"【暗くてジメジメ】
鳥なら森をここまで恐れる理由は薄い。
泥、葉、暗がり。拒絶しているのは、鳥の記憶ではなく別の生の感触に近い。",f3f65e03f4cbec441b408057920c5ed9:21300000,,,Center,,,,0,,,,,,,"{""version"":1,""type"":""ScenarioSystem.Model.Actions.OverlayAction"",""properties"":[]}"
52ee9518f482addf2ea677a96dad9dce,445ab0e5c10b8ea12af933f68fb33c1b,action,ScenarioSystem.Model.Actions.OverlayAction,Ch2_KeyWord_3_2,b3d9ccf0ee2847fa997cd7898965a689:11400000,ヒイラギ,"リドさんは森を嫌っているんじゃない。
森の中で、葉を齧り、泥にまみれていた自分を恐れている……？",f3f65e03f4cbec441b408057920c5ed9:21300000,,,Center,,,,0,,,,,,,"{""version"":1,""type"":""ScenarioSystem.Model.Actions.OverlayAction"",""properties"":[]}"
7399f2e70b1b381edc1f9bd66d955a67,,scenario,ScenarioSystem.Model.ScenarioData,Ch2_Dialogue,63e035a6891f45e4c9e79d0c302a1769:11400000,,,,,,,,,,,Ch2_Dialogue,,,,false,true,"{""version"":1,""type"":""ScenarioSystem.Model.ScenarioData"",""properties"":[]}"
d2e810867025a1c8b6dfe0f1598497c4,7399f2e70b1b381edc1f9bd66d955a67,action,ScenarioSystem.Model.Actions.DialogueStartButtonAction,HideDialogueStartButton,6c38df6e51024de7a54a755f9e917cbb:11400000,,,,,,,,,,,,,,,,,"{""version"":1,""type"":""ScenarioSystem.Model.Actions.DialogueStartButtonAction"",""properties"":[{""path"":""visible"",""kind"":""Boolean"",""value"":false}]}"
4ad45395cb9a2dbbafee05957c92fcea,7399f2e70b1b381edc1f9bd66d955a67,action,ScenarioSystem.Model.Actions.PortraitInteractableAction,DisableClick,4c80fe23ce73443ee9960c9b8bff2c56:11400000,,,,,,,,,,,,,,,,,"{""version"":1,""type"":""ScenarioSystem.Model.Actions.PortraitInteractableAction"",""properties"":[{""path"":""isInteractable"",""kind"":""Boolean"",""value"":false},{""path"":""updateOverlay"",""kind"":""Boolean"",""value"":true}]}"
b7699eb897bc8f2bb26cd215306490ba,7399f2e70b1b381edc1f9bd66d955a67,action,ScenarioSystem.Model.Actions.DialogueAction,Ch2_Dialogue,597149dd444d40fbb5b98c9aa9fbcbab:11400000,リド,あの、大丈夫ですか……？　ここが遺失物管理課、ですよね。,4b3a70eb92a7f7149b01cc2968185357:21300000,,,Center,0,Default,,,block_3,,,,,,"{""version"":1,""type"":""ScenarioSystem.Model.Actions.DialogueAction"",""properties"":[]}"
e62a3e8ab38b58c23a3f689dcb369dcf,7399f2e70b1b381edc1f9bd66d955a67,action,ScenarioSystem.Model.Actions.DialogueAction,Ch2_Dialogue,597149dd444d40fbb5b98c9aa9fbcbab:11400000,ヒイラギ,はい！　えっと、まずはお名前をお聞きしても……？,e737cd1ec1da2df4190bdc1966909c8f:21300000,,,Center,0,Default,,,block_3,,,,,,"{""version"":1,""type"":""ScenarioSystem.Model.Actions.DialogueAction"",""properties"":[]}"
5916c48dcfa83940b13660831a2225d5,7399f2e70b1b381edc1f9bd66d955a67,action,ScenarioSystem.Model.Actions.DialogueAction,Ch2_Dialogue,597149dd444d40fbb5b98c9aa9fbcbab:11400000,リド,ボクはリド。高貴なワタリドリです。……たぶん、きっと。,18f1e5e075c94174f8da7df44219d63f:21300000,,,Center,0,Default,,,block_3,,,,,,"{""version"":1,""type"":""ScenarioSystem.Model.Actions.DialogueAction"",""properties"":[]}"
47af9989d5c12e1b0ed02a6bfa0dc666,7399f2e70b1b381edc1f9bd66d955a67,action,ScenarioSystem.Model.Actions.DialogueAction,Ch2_Dialogue,597149dd444d40fbb5b98c9aa9fbcbab:11400000,ヒイラギ,たぶん？,978560c834e86ef409145f97e580475c:21300000,,,Center,0,Default,,,block_3,,,,,,"{""version"":1,""type"":""ScenarioSystem.Model.Actions.DialogueAction"",""properties"":[]}"
796697002f09cbd91bd7d68a4c1b03b4,7399f2e70b1b381edc1f9bd66d955a67,action,ScenarioSystem.Model.Actions.DialogueAction,Ch2_Dialogue,597149dd444d40fbb5b98c9aa9fbcbab:11400000,リド,いえ。翼があるなら鳥でしょう？　ボクは空にいるべきなんです。,18f1e5e075c94174f8da7df44219d63f:21300000,,,Center,0,Default,,,block_3,,,,,,"{""version"":1,""type"":""ScenarioSystem.Model.Actions.DialogueAction"",""properties"":[]}"
aa81e8fc1ce208e51b30efa62891972d,7399f2e70b1b381edc1f9bd66d955a67,action,ScenarioSystem.Model.Actions.DialogueAction,Ch2_Dialogue,597149dd444d40fbb5b98c9aa9fbcbab:11400000,ヒイラギ,好きなものを聞いてもいいですか？　なくしものの手がかりになるので。,e737cd1ec1da2df4190bdc1966909c8f:21300000,,,Center,0,Default,,,block_3,,,,,,"{""version"":1,""type"":""ScenarioSystem.Model.Actions.DialogueAction"",""properties"":[]}"
23a438a58c8ae8666571e2979d180eca,7399f2e70b1b381edc1f9bd66d955a67,action,ScenarioSystem.Model.Actions.DialogueAction,Ch2_Dialogue,597149dd444d40fbb5b98c9aa9fbcbab:11400000,リド,好きなもの……空です。高い場所。誰にも踏まれない、誰のくちばしも届かない場所。,4b3a70eb92a7f7149b01cc2968185357:21300000,,,Center,0,Default,,,block_3,,,,,,"{""version"":1,""type"":""ScenarioSystem.Model.Actions.DialogueAction"",""properties"":[]}"
24f05697fbb31f5ade69a7f3721f426d,7399f2e70b1b381edc1f9bd66d955a67,action,ScenarioSystem.Model.Actions.DialogueAction,Ch2_Dialogue,597149dd444d40fbb5b98c9aa9fbcbab:11400000,ヒイラギ,くちばし……？,978560c834e86ef409145f97e580475c:21300000,,,Center,0,Default,,,block_3,,,,,,"{""version"":1,""type"":""ScenarioSystem.Model.Actions.DialogueAction"",""properties"":[]}"
247c008b029c12bc5612e65fe7723942,7399f2e70b1b381edc1f9bd66d955a67,action,ScenarioSystem.Model.Actions.DialogueAction,Ch2_Dialogue,597149dd444d40fbb5b98c9aa9fbcbab:11400000,リド,あれ、今のは……なんでもありません。,4b3a70eb92a7f7149b01cc2968185357:21300000,,,Center,0,Default,,,block_3,,,,,,"{""version"":1,""type"":""ScenarioSystem.Model.Actions.DialogueAction"",""properties"":[]}"
1b0d7af7895c523063660c15c7c7ebcb,7399f2e70b1b381edc1f9bd66d955a67,action,ScenarioSystem.Model.Actions.KeywordEnableAction,KeywordEnableAction,96f300603b9634d519eb523a12a3649f:11400000,,,,,,,,,,,,,,,,,"{""version"":1,""type"":""ScenarioSystem.Model.Actions.KeywordEnableAction"",""properties"":[{""path"":""enable"",""kind"":""Boolean"",""value"":true}]}"
1e8d4a7433872df283da6f116fdef62e,7399f2e70b1b381edc1f9bd66d955a67,action,ScenarioSystem.Model.Actions.ProgressUpdateAction,AdvancePhase,b2015826a2bc54834a2a1f0904f1a0de:11400000,,,,,,,,,,,,,,,,,"{""version"":1,""type"":""ScenarioSystem.Model.Actions.ProgressUpdateAction"",""properties"":[{""path"":""actionType"",""kind"":""Enum"",""value"":0},{""path"":""targetChapter"",""kind"":""Integer"",""value"":1},{""path"":""targetPhase"",""kind"":""Enum"",""value"":1}]}"
5cdbb967180ad3c436d03e3c29bd1cf2,7399f2e70b1b381edc1f9bd66d955a67,action,ScenarioSystem.Model.Actions.DialogueStartButtonAction,ShowDialogueStartButton,dbc025c096b0449ebedaf24aa8b22d79:11400000,,,,,,,,,,,,,,,,,"{""version"":1,""type"":""ScenarioSystem.Model.Actions.DialogueStartButtonAction"",""properties"":[{""path"":""visible"",""kind"":""Boolean"",""value"":true}]}"
d166ec7a03057c0ad538df0a06f2d797,7399f2e70b1b381edc1f9bd66d955a67,action,ScenarioSystem.Model.Actions.PortraitInteractableAction,EnableClick,f146ef37397974dce8fe39bb05bc5d0a:11400000,,,,,,,,,,,,,,,,,"{""version"":1,""type"":""ScenarioSystem.Model.Actions.PortraitInteractableAction"",""properties"":[{""path"":""isInteractable"",""kind"":""Boolean"",""value"":true},{""path"":""updateOverlay"",""kind"":""Boolean"",""value"":true}]}"
2d020af4810087f4f9aedcab7e4cc218,,scenario,ScenarioSystem.Model.ScenarioData,Ch2_DialogueStart,97c026f6ba6291c4fa9a397e835b2161:11400000,,,,,,,,,,,Ch2_DialogueStart,,,,false,true,"{""version"":1,""type"":""ScenarioSystem.Model.ScenarioData"",""properties"":[]}"
e3c862a12239f28d1585b824e92919c8,2d020af4810087f4f9aedcab7e4cc218,action,ScenarioSystem.Model.Actions.DialogueStartButtonAction,HideDialogueStartButton,6c38df6e51024de7a54a755f9e917cbb:11400000,,,,,,,,,,,,,,,,,"{""version"":1,""type"":""ScenarioSystem.Model.Actions.DialogueStartButtonAction"",""properties"":[{""path"":""visible"",""kind"":""Boolean"",""value"":false}]}"
7936b953bd59fd0193bd0f596aa95a89,2d020af4810087f4f9aedcab7e4cc218,action,ScenarioSystem.Model.Actions.PortraitInteractableAction,DisableClick,4c80fe23ce73443ee9960c9b8bff2c56:11400000,,,,,,,,,,,,,,,,,"{""version"":1,""type"":""ScenarioSystem.Model.Actions.PortraitInteractableAction"",""properties"":[{""path"":""isInteractable"",""kind"":""Boolean"",""value"":false},{""path"":""updateOverlay"",""kind"":""Boolean"",""value"":true}]}"
c13396179a6a8a64451a6ca867568004,2d020af4810087f4f9aedcab7e4cc218,action,ScenarioSystem.Model.Actions.DialogueAction,Ch2_Dialogue,597149dd444d40fbb5b98c9aa9fbcbab:11400000,リド,あの、大丈夫ですか……？　ここが遺失物管理課、ですよね。,4b3a70eb92a7f7149b01cc2968185357:21300000,,,Center,0,Default,,,block_3,,,,,,"{""version"":1,""type"":""ScenarioSystem.Model.Actions.DialogueAction"",""properties"":[]}"
a770cd27c3eb9ff28188a9be59ea8f49,2d020af4810087f4f9aedcab7e4cc218,action,ScenarioSystem.Model.Actions.DialogueAction,Ch2_Dialogue,597149dd444d40fbb5b98c9aa9fbcbab:11400000,ヒイラギ,はい！　えっと、まずはお名前をお聞きしても……？,e737cd1ec1da2df4190bdc1966909c8f:21300000,,,Center,0,Default,,,block_3,,,,,,"{""version"":1,""type"":""ScenarioSystem.Model.Actions.DialogueAction"",""properties"":[]}"
71e614fd15894240aa343abc46179048,2d020af4810087f4f9aedcab7e4cc218,action,ScenarioSystem.Model.Actions.DialogueAction,Ch2_Dialogue,597149dd444d40fbb5b98c9aa9fbcbab:11400000,リド,ボクはリド。高貴なワタリドリです。……たぶん、きっと。,18f1e5e075c94174f8da7df44219d63f:21300000,,,Center,0,Default,,,block_3,,,,,,"{""version"":1,""type"":""ScenarioSystem.Model.Actions.DialogueAction"",""properties"":[]}"
86f20a9e669f7a4c564b7c2392ffb33d,2d020af4810087f4f9aedcab7e4cc218,action,ScenarioSystem.Model.Actions.DialogueAction,Ch2_Dialogue,597149dd444d40fbb5b98c9aa9fbcbab:11400000,ヒイラギ,たぶん？,978560c834e86ef409145f97e580475c:21300000,,,Center,0,Default,,,block_3,,,,,,"{""version"":1,""type"":""ScenarioSystem.Model.Actions.DialogueAction"",""properties"":[]}"
010a3fcfbf7f8dea3a4cff0d7d4ff9dd,2d020af4810087f4f9aedcab7e4cc218,action,ScenarioSystem.Model.Actions.DialogueAction,Ch2_Dialogue,597149dd444d40fbb5b98c9aa9fbcbab:11400000,リド,いえ。翼があるなら鳥でしょう？　ボクは空にいるべきなんです。,18f1e5e075c94174f8da7df44219d63f:21300000,,,Center,0,Default,,,block_3,,,,,,"{""version"":1,""type"":""ScenarioSystem.Model.Actions.DialogueAction"",""properties"":[]}"
e23e38c5172af19dc61855e902ccf45f,2d020af4810087f4f9aedcab7e4cc218,action,ScenarioSystem.Model.Actions.DialogueAction,Ch2_Dialogue,597149dd444d40fbb5b98c9aa9fbcbab:11400000,ヒイラギ,好きなものを聞いてもいいですか？　なくしものの手がかりになるので。,e737cd1ec1da2df4190bdc1966909c8f:21300000,,,Center,0,Default,,,block_3,,,,,,"{""version"":1,""type"":""ScenarioSystem.Model.Actions.DialogueAction"",""properties"":[]}"
ddb6c58b8514b196a03378225cd25b3f,2d020af4810087f4f9aedcab7e4cc218,action,ScenarioSystem.Model.Actions.DialogueAction,Ch2_Dialogue,597149dd444d40fbb5b98c9aa9fbcbab:11400000,リド,好きなもの……空です。高い場所。誰にも踏まれない、誰のくちばしも届かない場所。,4b3a70eb92a7f7149b01cc2968185357:21300000,,,Center,0,Default,,,block_3,,,,,,"{""version"":1,""type"":""ScenarioSystem.Model.Actions.DialogueAction"",""properties"":[]}"
e8919f370e8edf04dbad1d40fc1d78da,2d020af4810087f4f9aedcab7e4cc218,action,ScenarioSystem.Model.Actions.DialogueAction,Ch2_Dialogue,597149dd444d40fbb5b98c9aa9fbcbab:11400000,ヒイラギ,くちばし……？,978560c834e86ef409145f97e580475c:21300000,,,Center,0,Default,,,block_3,,,,,,"{""version"":1,""type"":""ScenarioSystem.Model.Actions.DialogueAction"",""properties"":[]}"
8ef276e7de77edafef9307aa0dc0906a,2d020af4810087f4f9aedcab7e4cc218,action,ScenarioSystem.Model.Actions.DialogueAction,Ch2_Dialogue,597149dd444d40fbb5b98c9aa9fbcbab:11400000,リド,あれ、今のは……なんでもありません。,4b3a70eb92a7f7149b01cc2968185357:21300000,,,Center,0,Default,,,block_3,,,,,,"{""version"":1,""type"":""ScenarioSystem.Model.Actions.DialogueAction"",""properties"":[]}"
19b3cd8e8799e6e884e74ce4b477ef90,2d020af4810087f4f9aedcab7e4cc218,action,ScenarioSystem.Model.Actions.KeywordEnableAction,KeywordEnableAction,96f300603b9634d519eb523a12a3649f:11400000,,,,,,,,,,,,,,,,,"{""version"":1,""type"":""ScenarioSystem.Model.Actions.KeywordEnableAction"",""properties"":[{""path"":""enable"",""kind"":""Boolean"",""value"":true}]}"
00825fedf2b36d1380697f1203992eb7,2d020af4810087f4f9aedcab7e4cc218,action,ScenarioSystem.Model.Actions.ProgressUpdateAction,AdvancePhase,b2015826a2bc54834a2a1f0904f1a0de:11400000,,,,,,,,,,,,,,,,,"{""version"":1,""type"":""ScenarioSystem.Model.Actions.ProgressUpdateAction"",""properties"":[{""path"":""actionType"",""kind"":""Enum"",""value"":0},{""path"":""targetChapter"",""kind"":""Integer"",""value"":1},{""path"":""targetPhase"",""kind"":""Enum"",""value"":1}]}"
aac9d560345e5ed870ad3a2531bb882f,2d020af4810087f4f9aedcab7e4cc218,action,ScenarioSystem.Model.Actions.DialogueStartButtonAction,ShowDialogueStartButton,dbc025c096b0449ebedaf24aa8b22d79:11400000,,,,,,,,,,,,,,,,,"{""version"":1,""type"":""ScenarioSystem.Model.Actions.DialogueStartButtonAction"",""properties"":[{""path"":""visible"",""kind"":""Boolean"",""value"":true}]}"
6c1e223c0a18178f49215fb682cb225a,2d020af4810087f4f9aedcab7e4cc218,action,ScenarioSystem.Model.Actions.PortraitInteractableAction,EnableClick,f146ef37397974dce8fe39bb05bc5d0a:11400000,,,,,,,,,,,,,,,,,"{""version"":1,""type"":""ScenarioSystem.Model.Actions.PortraitInteractableAction"",""properties"":[{""path"":""isInteractable"",""kind"":""Boolean"",""value"":true},{""path"":""updateOverlay"",""kind"":""Boolean"",""value"":true}]}"
32139d7a097f7279e26a9d65aa78a4ce,,scenario,ScenarioSystem.Model.ScenarioData,Ch2_Epilogue,341dfdf4dd65468e93a60905bdd045e3:11400000,,,,,,,,,,,Ch2_Epilogue,,,,false,true,"{""version"":1,""type"":""ScenarioSystem.Model.ScenarioData"",""properties"":[]}"
02deacb628ca24e7a99576be9acd7499,32139d7a097f7279e26a9d65aa78a4ce,action,ScenarioSystem.Model.Actions.DialogueAction,Ch2_Epilogue,f2504ded8bab4533b4313db6c52bd36a:11400000,カチョウ,あぁ、言ってなかったか。,13979ae4426a346a99d92c1682e2c956:21300000,,,Center,0,Default,,,block_1,,,,,,"{""version"":1,""type"":""ScenarioSystem.Model.Actions.DialogueAction"",""properties"":[]}"
f738941ec4a6412190d3b1c4e442bd32,32139d7a097f7279e26a9d65aa78a4ce,action,ScenarioSystem.Model.Actions.DialogueAction,Ch2_Epilogue,f2504ded8bab4533b4313db6c52bd36a:11400000,カチョウ,前世の記憶を思い出したやつは狭間市から消える。,13979ae4426a346a99d92c1682e2c956:21300000,,,Center,0,Default,,,block_1,,,,,,"{""version"":1,""type"":""ScenarioSystem.Model.Actions.DialogueAction"",""properties"":[]}"
89396810745eeb739668a52da8c5538e,32139d7a097f7279e26a9d65aa78a4ce,action,ScenarioSystem.Model.Actions.DialogueAction,Ch2_Epilogue,f2504ded8bab4533b4313db6c52bd36a:11400000,ヒイラギ,....え？,08f06e70be29a8844ad85a9db05083a6:21300000,,,Center,0,Default,,,block_1,,,,,,"{""version"":1,""type"":""ScenarioSystem.Model.Actions.DialogueAction"",""properties"":[]}"
c6e54dec6c0358db099bd1d1b40536f1,32139d7a097f7279e26a9d65aa78a4ce,action,ScenarioSystem.Model.Actions.DialogueAction,Ch2_Epilogue,f2504ded8bab4533b4313db6c52bd36a:11400000,カチョウ,魂の未練が消えて、新しい命に転生するんだ。,13979ae4426a346a99d92c1682e2c956:21300000,,,Center,0,Default,,,block_1,,,,,,"{""version"":1,""type"":""ScenarioSystem.Model.Actions.DialogueAction"",""properties"":[]}"
a1c2de4844aa38b979d031bf15b248c9,32139d7a097f7279e26a9d65aa78a4ce,action,ScenarioSystem.Model.Actions.DialogueAction,Ch2_Epilogue,f2504ded8bab4533b4313db6c52bd36a:11400000,カチョウ,自分のせいとでも思ってるのか。,3e9209ca9223746229eb325d4a7984f9:21300000,,,Center,0,Default,,,block_1,,,,,,"{""version"":1,""type"":""ScenarioSystem.Model.Actions.DialogueAction"",""properties"":[]}"
b7083af238ac033ac92e2af7808dd5b6,32139d7a097f7279e26a9d65aa78a4ce,action,ScenarioSystem.Model.Actions.DialogueAction,Ch2_Epilogue,f2504ded8bab4533b4313db6c52bd36a:11400000,カチョウ,遺失物管理課は、前世の記憶を思い出させる場所。,13979ae4426a346a99d92c1682e2c956:21300000,,,Center,0,Default,,,block_1,,,,,,"{""version"":1,""type"":""ScenarioSystem.Model.Actions.DialogueAction"",""properties"":[]}"
70a20f7ac88d71d09818114831577a0b,32139d7a097f7279e26a9d65aa78a4ce,action,ScenarioSystem.Model.Actions.DialogueAction,Ch2_Epilogue,f2504ded8bab4533b4313db6c52bd36a:11400000,カチョウ,そして、前世の記憶を思い出した奴は狭間市から消える。,13979ae4426a346a99d92c1682e2c956:21300000,,,Center,0,Default,,,block_1,,,,,,"{""version"":1,""type"":""ScenarioSystem.Model.Actions.DialogueAction"",""properties"":[]}"
39d149a693e3af192665ad4189c01e37,32139d7a097f7279e26a9d65aa78a4ce,action,ScenarioSystem.Model.Actions.DialogueAction,Ch2_Epilogue,f2504ded8bab4533b4313db6c52bd36a:11400000,カチョウ,狭間市に囚われている魂の解放、と言い換えてもいい。,13979ae4426a346a99d92c1682e2c956:21300000,,,Center,0,Default,,,block_1,,,,,,"{""version"":1,""type"":""ScenarioSystem.Model.Actions.DialogueAction"",""properties"":[]}"
5e3819f6ef56fb3ca4f0747b101777da,32139d7a097f7279e26a9d65aa78a4ce,action,ScenarioSystem.Model.Actions.DialogueAction,Ch2_Epilogue,f2504ded8bab4533b4313db6c52bd36a:11400000,カチョウ,これは、正しい事だ。,3e9209ca9223746229eb325d4a7984f9:21300000,,,Center,0,Default,,,block_1,,,,,,"{""version"":1,""type"":""ScenarioSystem.Model.Actions.DialogueAction"",""properties"":[]}"
b434640ae01f9f8d1419d26fbd4d17dd,32139d7a097f7279e26a9d65aa78a4ce,action,ScenarioSystem.Model.Actions.DialogueAction,Ch2_Epilogue,f2504ded8bab4533b4313db6c52bd36a:11400000,カチョウ,...改めて言おう。,13979ae4426a346a99d92c1682e2c956:21300000,,,Center,0,Default,,,block_1,,,,,,"{""version"":1,""type"":""ScenarioSystem.Model.Actions.DialogueAction"",""properties"":[]}"
58176b3aa24e52de5bace4d102043d45,32139d7a097f7279e26a9d65aa78a4ce,action,ScenarioSystem.Model.Actions.DialogueAction,Ch2_Epilogue,f2504ded8bab4533b4313db6c52bd36a:11400000,カチョウ,"ようこそ、""狭間市役所　遺失物管理課""へ。",13979ae4426a346a99d92c1682e2c956:21300000,,,Center,0,Default,,,block_1,,,,,,"{""version"":1,""type"":""ScenarioSystem.Model.Actions.DialogueAction"",""properties"":[]}"
9676ddb46fc413bcf55901f4ad66ecb7,32139d7a097f7279e26a9d65aa78a4ce,action,ScenarioSystem.Model.Actions.ProgressUpdateAction,AdvanceChapter,8d50b942f005c44989db11a89d9828ce:11400000,,,,,,,,,,,,,,,,,"{""version"":1,""type"":""ScenarioSystem.Model.Actions.ProgressUpdateAction"",""properties"":[{""path"":""actionType"",""kind"":""Enum"",""value"":1},{""path"":""targetChapter"",""kind"":""Integer"",""value"":1},{""path"":""targetPhase"",""kind"":""Enum"",""value"":1}]}"
871649a5a01f3df7403ad7c20c687dce,32139d7a097f7279e26a9d65aa78a4ce,action,ScenarioSystem.Model.Actions.SceneTransitionAction,ToChapterSelect,5f2341f1c502946ce8f9d4cff3f346d6:11400000,,,,,,,,,,,,,,,,,"{""version"":1,""type"":""ScenarioSystem.Model.Actions.SceneTransitionAction"",""properties"":[{""path"":""targetSceneName"",""kind"":""String"",""value"":""""},{""path"":""useChapterSelect"",""kind"":""Boolean"",""value"":true}]}"
555f6b20d643644b26874302b82c0cee,,scenario,ScenarioSystem.Model.ScenarioData,Ch2_Extraction,19ecb1a899b2b3342ac854a6719e1959:11400000,,,,,,,,,,,Ch2_Extraction,,,,false,true,"{""version"":1,""type"":""ScenarioSystem.Model.ScenarioData"",""properties"":[]}"
30e85a4e3c26820a09974127db4693da,555f6b20d643644b26874302b82c0cee,action,ScenarioSystem.Model.Actions.DialogueStartButtonAction,HideDialogueStartButton,6c38df6e51024de7a54a755f9e917cbb:11400000,,,,,,,,,,,,,,,,,"{""version"":1,""type"":""ScenarioSystem.Model.Actions.DialogueStartButtonAction"",""properties"":[{""path"":""visible"",""kind"":""Boolean"",""value"":false}]}"
0249bdfa01a27c2a266f9b355ef993f3,555f6b20d643644b26874302b82c0cee,action,ScenarioSystem.Model.Actions.PortraitInteractableAction,DisableClick,4c80fe23ce73443ee9960c9b8bff2c56:11400000,,,,,,,,,,,,,,,,,"{""version"":1,""type"":""ScenarioSystem.Model.Actions.PortraitInteractableAction"",""properties"":[{""path"":""isInteractable"",""kind"":""Boolean"",""value"":false},{""path"":""updateOverlay"",""kind"":""Boolean"",""value"":true}]}"
2edebcac3ea26893e3ea6f468eabfa9f,555f6b20d643644b26874302b82c0cee,action,ScenarioSystem.Model.Actions.KeywordEnableAction,KeywordEnableAction,96f300603b9634d519eb523a12a3649f:11400000,,,,,,,,,,,,,,,,,"{""version"":1,""type"":""ScenarioSystem.Model.Actions.KeywordEnableAction"",""properties"":[{""path"":""enable"",""kind"":""Boolean"",""value"":true}]}"
3991e226454ce120e2c65d17f82dd2d7,555f6b20d643644b26874302b82c0cee,action,ScenarioSystem.Model.Actions.DialogueAction,Ch2_Extraction,56e31ac2341f421ba43c0bd50266d02c:11400000,リド,"ボクが好きなのは、やっぱり空を<link=""Ch2_Data1"">-自由-</link>に飛び回ること！",18f1e5e075c94174f8da7df44219d63f:21300000,,,Center,0,Default,,,block_4,,,,,,"{""version"":1,""type"":""ScenarioSystem.Model.Actions.DialogueAction"",""properties"":[]}"
a1fe1712bd07174d516922d5ac48a938,555f6b20d643644b26874302b82c0cee,action,ScenarioSystem.Model.Actions.DialogueAction,Ch2_Extraction,56e31ac2341f421ba43c0bd50266d02c:11400000,リド,高く飛べば、地面のことなんて見なくて済む。泥も、葉っぱも、あの低さも。,4b3a70eb92a7f7149b01cc2968185357:21300000,,,Center,0,Default,,,block_4,,,,,,"{""version"":1,""type"":""ScenarioSystem.Model.Actions.DialogueAction"",""properties"":[]}"
2d19e7962addf0d9a2c5b8432a72de36,555f6b20d643644b26874302b82c0cee,action,ScenarioSystem.Model.Actions.DialogueAction,Ch2_Extraction,56e31ac2341f421ba43c0bd50266d02c:11400000,リド,"ただ<link=""Ch2_Data2"">-地面を這う-</link>だけの人たちが可哀想だよね。",18f1e5e075c94174f8da7df44219d63f:21300000,,,Center,0,Default,,,block_4,,,,,,"{""version"":1,""type"":""ScenarioSystem.Model.Actions.DialogueAction"",""properties"":[]}"
3303be2a00d9439cc9b75fc4596cafcc,555f6b20d643644b26874302b82c0cee,action,ScenarioSystem.Model.Actions.DialogueAction,Ch2_Extraction,56e31ac2341f421ba43c0bd50266d02c:11400000,ヒイラギ,人に対して『這う』……？,978560c834e86ef409145f97e580475c:21300000,,,Center,0,Default,,,block_4,,,,,,"{""version"":1,""type"":""ScenarioSystem.Model.Actions.DialogueAction"",""properties"":[]}"
fad46ccd7df81be68e9996f5f5cede7b,555f6b20d643644b26874302b82c0cee,action,ScenarioSystem.Model.Actions.DialogueAction,Ch2_Extraction,56e31ac2341f421ba43c0bd50266d02c:11400000,リド,変ですか？　空を飛べないなら、みんな同じでしょう。惨めに土の上を進むだけで。,18f1e5e075c94174f8da7df44219d63f:21300000,,,Center,0,Default,,,block_4,,,,,,"{""version"":1,""type"":""ScenarioSystem.Model.Actions.DialogueAction"",""properties"":[]}"
f9d9dc0d141f85974cfa2087ed6f5900,555f6b20d643644b26874302b82c0cee,action,ScenarioSystem.Model.Actions.DialogueAction,Ch2_Extraction,56e31ac2341f421ba43c0bd50266d02c:11400000,リド,"森の中みたいな<link=""Ch2_Data3"">-暗くてジメジメ-</link>した場所なんて、一番嫌いです。",4b3a70eb92a7f7149b01cc2968185357:21300000,ffe0f79a1be1bc745ba03d7de9427399:-3590566777017096083,,Center,0,Default,,,block_4,,,,,,"{""version"":1,""type"":""ScenarioSystem.Model.Actions.DialogueAction"",""properties"":[]}"
4a015a7d30b1a93e1d166d4afa573502,555f6b20d643644b26874302b82c0cee,action,ScenarioSystem.Model.Actions.DialogueAction,Ch2_Extraction,56e31ac2341f421ba43c0bd50266d02c:11400000,リド,葉っぱの裏も、湿った土も、上から差す影も……思い出したくない。,4b3a70eb92a7f7149b01cc2968185357:21300000,ffe0f79a1be1bc745ba03d7de9427399:-3590566777017096083,,Center,0,Default,,,block_4,,,,,,"{""version"":1,""type"":""ScenarioSystem.Model.Actions.DialogueAction"",""properties"":[]}"
310208969ad69f897cc984932f696ac5,555f6b20d643644b26874302b82c0cee,action,ScenarioSystem.Model.Actions.DialogueAction,Ch2_Extraction,56e31ac2341f421ba43c0bd50266d02c:11400000,ヒイラギ,リドさんの言葉、好きなものより嫌いなもののほうが強く残ってる……。,f3f65e03f4cbec441b408057920c5ed9:21300000,,,Center,0,Default,,,block_4,,,,,,"{""version"":1,""type"":""ScenarioSystem.Model.Actions.DialogueAction"",""properties"":[]}"
f20984f04130fd2039e93351d7f852d6,555f6b20d643644b26874302b82c0cee,action,ScenarioSystem.Model.Actions.PortraitInteractableAction,EnableClick,f146ef37397974dce8fe39bb05bc5d0a:11400000,,,,,,,,,,,,,,,,,"{""version"":1,""type"":""ScenarioSystem.Model.Actions.PortraitInteractableAction"",""properties"":[{""path"":""isInteractable"",""kind"":""Boolean"",""value"":true},{""path"":""updateOverlay"",""kind"":""Boolean"",""value"":true}]}"
ab5f5d5ff6519982379a2773863d42bd,555f6b20d643644b26874302b82c0cee,action,ScenarioSystem.Model.Actions.DialogueStartButtonAction,ShowDialogueStartButton,dbc025c096b0449ebedaf24aa8b22d79:11400000,,,,,,,,,,,,,,,,,"{""version"":1,""type"":""ScenarioSystem.Model.Actions.DialogueStartButtonAction"",""properties"":[{""path"":""visible"",""kind"":""Boolean"",""value"":true}]}"
c6b20cf0181d81602b749e7e925255fc,,scenario,ScenarioSystem.Model.ScenarioData,Ch2_ExtractionComplete,9c23bc9fd9b56d940a1bef5aa18423bc:11400000,,,,,,,,,,,,,,,false,true,"{""version"":1,""type"":""ScenarioSystem.Model.ScenarioData"",""properties"":[]}"
941563ffc85e65031fd938dccc32b942,c6b20cf0181d81602b749e7e925255fc,action,ScenarioSystem.Model.Actions.DialogueAction,Ch2_Extraction_2,e6553ab9acee42cf9d0d285e67d4da0c:11400000,ヒイラギ,キーワードは全部そろいました。自由、地面を這う、暗くてジメジメ……。,e737cd1ec1da2df4190bdc1966909c8f:21300000,,,Center,0,Default,,,block_1,,,,,,"{""version"":1,""type"":""ScenarioSystem.Model.Actions.DialogueAction"",""properties"":[]}"
e9afbcc5702c61975053e6d2a962430d,c6b20cf0181d81602b749e7e925255fc,action,ScenarioSystem.Model.Actions.DialogueAction,Ch2_Extraction_2,e6553ab9acee42cf9d0d285e67d4da0c:11400000,ヒイラギ,好きなものの話なのに、どれも逃げるみたいな言葉になってる。,978560c834e86ef409145f97e580475c:21300000,,,Center,0,Default,,,block_1,,,,,,"{""version"":1,""type"":""ScenarioSystem.Model.Actions.DialogueAction"",""properties"":[]}"
01a9b589b054b4eae0903e8cd38d3ba3,c6b20cf0181d81602b749e7e925255fc,action,ScenarioSystem.Model.Actions.DialogueAction,Ch2_Extraction_2,e6553ab9acee42cf9d0d285e67d4da0c:11400000,リド,……そんなふうに聞こえましたか？,4b3a70eb92a7f7149b01cc2968185357:21300000,,,Center,0,Default,,,block_1,,,,,,"{""version"":1,""type"":""ScenarioSystem.Model.Actions.DialogueAction"",""properties"":[]}"
55458d9dcabef7644b68a4c5548bc3aa,c6b20cf0181d81602b749e7e925255fc,action,ScenarioSystem.Model.Actions.DialogueAction,Ch2_Extraction_2,e6553ab9acee42cf9d0d285e67d4da0c:11400000,ヒイラギ,やってみます。リドさんのなくしもの、きっと見つけます。,e737cd1ec1da2df4190bdc1966909c8f:21300000,,,Center,0,Default,,,block_1,,,,,,"{""version"":1,""type"":""ScenarioSystem.Model.Actions.DialogueAction"",""properties"":[]}"
b88234ca6639decc89f639f91037011b,,scenario,ScenarioSystem.Model.ScenarioData,Ch2_Presentation,2a682fe7a40a42a194b4da7fc32db1fa:11400000,,,,,,,,,,,Ch2_Presentation,,,,false,true,"{""version"":1,""type"":""ScenarioSystem.Model.ScenarioData"",""properties"":[]}"
acf82b173c3aa7f14be870abc954ded8,b88234ca6639decc89f639f91037011b,action,ScenarioSystem.Model.Actions.DialogueAction,Ch2_Presentation,7a0856340cd242c483ccce106e9861f4:11400000,ヒイラギ,リドさんのなくしものは……これです。,e737cd1ec1da2df4190bdc1966909c8f:21300000,,,Center,0,Default,,,block_1,,,,,,"{""version"":1,""type"":""ScenarioSystem.Model.Actions.DialogueAction"",""properties"":[]}"
0ffd86fdc5b4600d5d4be1fd5e1ac95a,b88234ca6639decc89f639f91037011b,action,ScenarioSystem.Model.Actions.DialogueAction,Ch2_Presentation,7a0856340cd242c483ccce106e9861f4:11400000,ヒイラギ,泥の付いた葉っぱ。,978560c834e86ef409145f97e580475c:21300000,,,Center,0,Default,,,block_1,,,,,,"{""version"":1,""type"":""ScenarioSystem.Model.Actions.DialogueAction"",""properties"":[]}"
30bfad2b97b330abbd9b3964bed905e9,b88234ca6639decc89f639f91037011b,action,ScenarioSystem.Model.Actions.EffectAction,Ch2_Show_DoroKareha,0b160bb85cef4192a4663f68e9105dbb:11400000,,,,,,,,,ShowImage,0,,d76feaeb45b121a4098c48f3d659cee4:21300000,#FFFFFFFF,,,,"{""version"":1,""type"":""ScenarioSystem.Model.Actions.EffectAction"",""properties"":[{""path"":""colorParam"",""kind"":""Color"",""value"":[1.0,1.0,1.0,1.0]}]}"
3728df323baa2aedab33b8bdc527bc13,b88234ca6639decc89f639f91037011b,action,ScenarioSystem.Model.Actions.DialogueAction,Ch2_Presentation_ImageReaction,a71dbb571b95439ba672b46093b210c4:11400000,リド,何だい、これは。ボクにこんな汚いゴミを返すなんて失礼じゃないか！,d81d794e3f1b3064db4509b0df92be92:21300000,,,Center,0,Default,,,block_3,,,,,,"{""version"":1,""type"":""ScenarioSystem.Model.Actions.DialogueAction"",""properties"":[]}"
a12d3e131aa6f99e066d84bf137f8cad,b88234ca6639decc89f639f91037011b,action,ScenarioSystem.Model.Actions.DialogueAction,Ch2_Presentation_ImageReaction,a71dbb571b95439ba672b46093b210c4:11400000,リド,ボクは高貴なワタリドリだよ！？　こんな地面の欠片、触りたくもない！,d81d794e3f1b3064db4509b0df92be92:21300000,,,Center,0,Default,,,block_3,,,,,,"{""version"":1,""type"":""ScenarioSystem.Model.Actions.DialogueAction"",""properties"":[]}"
01904f74e40e5092fa80b1a7bf9422bb,b88234ca6639decc89f639f91037011b,action,ScenarioSystem.Model.Actions.DialogueAction,Ch2_Presentation_ImageReaction,a71dbb571b95439ba672b46093b210c4:11400000,リド,……なのに、どうして。匂いが、葉脈が、泥の冷たさが……。,4b3a70eb92a7f7149b01cc2968185357:21300000,,,Center,0.04,Default,,,block_3,,,,,,"{""version"":1,""type"":""ScenarioSystem.Model.Actions.DialogueAction"",""properties"":[]}"
55dbe3ade434b9a61a8ec48807568dae,b88234ca6639decc89f639f91037011b,action,ScenarioSystem.Model.Actions.EffectAction,Ch2_Lido_MemoryShake,505128c653b5449b0887c2fe364bb166:11400000,,,,,,,,,Shake,0.85,,,#FFFFFFFF,,,,"{""version"":1,""type"":""ScenarioSystem.Model.Actions.EffectAction"",""properties"":[{""path"":""colorParam"",""kind"":""Color"",""value"":[1.0,1.0,1.0,1.0]}]}"
59317ccffbd2964e6348330363ff0b19,b88234ca6639decc89f639f91037011b,action,ScenarioSystem.Model.Actions.EffectAction,Flash,d794e04a60df749c9961fc3c5b6e1cb2:11400000,,,,,,,,,Flash,0,,,#FFFFFFFF,,,,"{""version"":1,""type"":""ScenarioSystem.Model.Actions.EffectAction"",""properties"":[{""path"":""colorParam"",""kind"":""Color"",""value"":[1.0,1.0,1.0,1.0]}]}"
94f9574d27c15b1d572fb76e84fbf475,b88234ca6639decc89f639f91037011b,action,ScenarioSystem.Model.Actions.DialogueAction,Ch2_Presentation_BeforeFlash,38027461304244f49bdd9c026f37e0a7:11400000,リド,あ……ああ……頭が、痛い……！　違う、ボクは、この葉っぱの上が世界のすべてで……。,d81d794e3f1b3064db4509b0df92be92:21300000,ffe0f79a1be1bc745ba03d7de9427399:-3590566777017096083,,Center,0.035,Default,,,block_6,,,,,,"{""version"":1,""type"":""ScenarioSystem.Model.Actions.DialogueAction"",""properties"":[]}"
e69f3acfd1d7590acf86186e39f079a1,b88234ca6639decc89f639f91037011b,action,ScenarioSystem.Model.Actions.DialogueAction,Ch2_Presentation_BeforeFlash,38027461304244f49bdd9c026f37e0a7:11400000,リド,お腹が空いて、ただがむしゃらに緑を齧って、泥にまみれて生きて……。,4b3a70eb92a7f7149b01cc2968185357:21300000,ffe0f79a1be1bc745ba03d7de9427399:-3590566777017096083,,Center,0.035,Default,,,block_6,,,,,,"{""version"":1,""type"":""ScenarioSystem.Model.Actions.DialogueAction"",""properties"":[]}"
2d5897d46112770bf4bc6bab464934a4,b88234ca6639decc89f639f91037011b,action,ScenarioSystem.Model.Actions.DialogueAction,Ch2_Presentation_BeforeFlash,38027461304244f49bdd9c026f37e0a7:11400000,リド,あの日、急に上空が暗くなった。大きな、大きな影。,d81d794e3f1b3064db4509b0df92be92:21300000,ffe0f79a1be1bc745ba03d7de9427399:-3590566777017096083,,Center,0.03,Default,,,block_6,,,,,,"{""version"":1,""type"":""ScenarioSystem.Model.Actions.DialogueAction"",""properties"":[]}"
606b4ccd77c90da9f3cd8308678f6747,b88234ca6639decc89f639f91037011b,action,ScenarioSystem.Model.Actions.DialogueAction,Ch2_Presentation_BeforeFlash,38027461304244f49bdd9c026f37e0a7:11400000,リド,<size=120%>痛い、痛い、痛い！！</size>　鋭いくちばしが、ボクの身体をバラバラに――！！,d81d794e3f1b3064db4509b0df92be92:21300000,ffe0f79a1be1bc745ba03d7de9427399:-3590566777017096083,,Center,0.02,Default,,,block_6,,,,,,"{""version"":1,""type"":""ScenarioSystem.Model.Actions.DialogueAction"",""properties"":[]}"
a27193df78ec67f9d37ff18a7eec62b7,b88234ca6639decc89f639f91037011b,action,ScenarioSystem.Model.Actions.DialogueAction,Ch2_Presentation_BeforeFlash,38027461304244f49bdd9c026f37e0a7:11400000,ヒイラギ,リドさんは、鳥ではなかった。鳥に憧れて、鳥に食べられた……アオムシだった。,f3f65e03f4cbec441b408057920c5ed9:21300000,,,Center,0,Default,,,block_6,,,,,,"{""version"":1,""type"":""ScenarioSystem.Model.Actions.DialogueAction"",""properties"":[]}"
a33d5a4d3db8e99e8e8610fee5c4cc3a,b88234ca6639decc89f639f91037011b,action,ScenarioSystem.Model.Actions.DialogueAction,Ch2_Presentation_BeforeFlash,38027461304244f49bdd9c026f37e0a7:11400000,ヒイラギ,この真実を、そのまま伝えるべきなの……？,174500ec22662be46b815ee34892036d:21300000,,,Center,0,Default,,,block_6,,,,,,"{""version"":1,""type"":""ScenarioSystem.Model.Actions.DialogueAction"",""properties"":[]}"
9bacd7b5cbf89fad390fcfb768ab364a,b88234ca6639decc89f639f91037011b,action,ScenarioSystem.Model.Actions.EffectAction,Ch2_HideImage,fbf2069dc4c84db0a7053160eff38d62:11400000,,,,,,,,,HideImage,0,,,#FFFFFFFF,,,,"{""version"":1,""type"":""ScenarioSystem.Model.Actions.EffectAction"",""properties"":[{""path"":""colorParam"",""kind"":""Color"",""value"":[1.0,1.0,1.0,1.0]}]}"
946eeddcbb38f241bef2e75633b361c5,b88234ca6639decc89f639f91037011b,action,ScenarioSystem.Model.Actions.ChoiceAction,Ch2_Lido_TruthChoice,fd209b6a2ef92496192555045cc7b95a:11400000,,,,,,,,,,,,,,,,,"{""version"":1,""type"":""ScenarioSystem.Model.Actions.ChoiceAction"",""properties"":[{""path"":""choices"",""kind"":""Array"",""value"":2},{""path"":""choices.Array.data[0].choiceText"",""kind"":""String"",""value"":""真実を伝える""},{""path"":""choices.Array.data[0].nextScenario"",""kind"":""ObjectReference"",""value"":""1d71bee1607b441db89608a73a0c2d1e:11400000""},{""path"":""choices.Array.data[0].choiceId"",""kind"":""String"",""value"":""truth""},{""path"":""choices.Array.data[1].choiceText"",""kind"":""String"",""value"":""真実を伝えない""},{""path"":""choices.Array.data[1].nextScenario"",""kind"":""ObjectReference"",""value"":""06d2e2482243e40c187fea7e067401e3:11400000""},{""path"":""choices.Array.data[1].choiceId"",""kind"":""String"",""value"":""kind_lie""}]}"
b6da508cc96b126f90d49fa43f4e55ee,,scenario,ScenarioSystem.Model.ScenarioData,Ch2_Presentation_Lie,06d2e2482243e40c187fea7e067401e3:11400000,,,,,,,,,,,Ch2_Presentation_Lie,,,341dfdf4dd65468e93a60905bdd045e3:11400000,false,true,"{""version"":1,""type"":""ScenarioSystem.Model.ScenarioData"",""properties"":[]}"
b7f5d908d7523d7e98d0a45f487e27f9,b6da508cc96b126f90d49fa43f4e55ee,action,ScenarioSystem.Model.Actions.EffectAction,Ch2_Lido_BlackFade,ea584212b33f842f58a8a88b993a5c87:11400000,,,,,,,,,FadeOut,0.6,,,#000000FF,,,,"{""version"":1,""type"":""ScenarioSystem.Model.Actions.EffectAction"",""properties"":[{""path"":""colorParam"",""kind"":""Color"",""value"":[0.0,0.0,0.0,1.0]}]}"
8bd8bd010a04aad96be9be90577b9a58,b6da508cc96b126f90d49fa43f4e55ee,action,ScenarioSystem.Model.Actions.DialogueAction,Ch2_Presentation_Lie,a4836ebec6950451085b70738343cedb:11400000,ヒイラギ,リドさん。これは、あなたが旅の途中で集めていた木の葉のコレクションです。,174500ec22662be46b815ee34892036d:21300000,,,Center,0,Default,,,block_2,,,,,,"{""version"":1,""type"":""ScenarioSystem.Model.Actions.DialogueAction"",""properties"":[]}"
d69ab0cdd68276a55f71eefa66b1d27c,b6da508cc96b126f90d49fa43f4e55ee,action,ScenarioSystem.Model.Actions.DialogueAction,Ch2_Presentation_Lie,a4836ebec6950451085b70738343cedb:11400000,リド,ほら、やっぱりボクの言う通りだ！　ボクは高貴なワタリドリで、これは旅の記念品だったんだ！,18f1e5e075c94174f8da7df44219d63f:21300000,,,Center,0,Default,,,block_2,,,,,,"{""version"":1,""type"":""ScenarioSystem.Model.Actions.DialogueAction"",""properties"":[]}"
f3e1c69b8a60854fba9fd5add5d09aa2,b6da508cc96b126f90d49fa43f4e55ee,action,ScenarioSystem.Model.Actions.DialogueAction,Ch2_Presentation_Lie,a4836ebec6950451085b70738343cedb:11400000,リド,ああ、すっきりした。これでやっと、次の綺麗な空へ旅立てるよ。,18f1e5e075c94174f8da7df44219d63f:21300000,8f6b3314d28181b40888c6cece606878:21300000,,Center,0,Default,,,block_2,,,,,,"{""version"":1,""type"":""ScenarioSystem.Model.Actions.DialogueAction"",""properties"":[]}"
279e3c84dd7eb9cb26ec78de6d70cf04,b6da508cc96b126f90d49fa43f4e55ee,action,ScenarioSystem.Model.Actions.DialogueAction,Ch2_Presentation_Lie,a4836ebec6950451085b70738343cedb:11400000,リド,地面を這うだけの奴らを、今度こそ踏みつけに行くからね！,d81d794e3f1b3064db4509b0df92be92:21300000,8f6b3314d28181b40888c6cece606878:21300000,,Center,0,Default,,,block_2,,,,,,"{""version"":1,""type"":""ScenarioSystem.Model.Actions.DialogueAction"",""properties"":[]}"
1edaf38d5eb48c503640c6eaa6258014,b6da508cc96b126f90d49fa43f4e55ee,action,ScenarioSystem.Model.Actions.DialogueAction,Ch2_Presentation_Lie,a4836ebec6950451085b70738343cedb:11400000,ヒイラギ,……笑っているのに、魂の形が欠けていく。,f3f65e03f4cbec441b408057920c5ed9:21300000,,,Center,0,Default,,,block_2,,,,,,"{""version"":1,""type"":""ScenarioSystem.Model.Actions.DialogueAction"",""properties"":[]}"
d2249838a9b889bc9600b4a2a9fa23c1,b6da508cc96b126f90d49fa43f4e55ee,action,ScenarioSystem.Model.Actions.DialogueAction,Ch2_Presentation_Lie,a4836ebec6950451085b70738343cedb:11400000,カチョウ,これがロスだ。優しい嘘は、世界の寿命を少しずつ削る。覚えておけ。,13979ae4426a346a99d92c1682e2c956:21300000,,,Center,0,Default,,,block_2,,,,,,"{""version"":1,""type"":""ScenarioSystem.Model.Actions.DialogueAction"",""properties"":[]}"
cdf3d7fe96792e4f8da9a468a0b75471,b6da508cc96b126f90d49fa43f4e55ee,action,ScenarioSystem.Model.Actions.EffectAction,Ch2_Lido_FadeIn,bf83a83899ca5411fbc00c946cf552db:11400000,,,,,,,,,FadeIn,0.5,,,#000000FF,,,,"{""version"":1,""type"":""ScenarioSystem.Model.Actions.EffectAction"",""properties"":[{""path"":""colorParam"",""kind"":""Color"",""value"":[0.0,0.0,0.0,1.0]}]}"
a9fae7ff9fa3796f756142d04eb31fde,,scenario,ScenarioSystem.Model.ScenarioData,Ch2_Presentation_Truth,1d71bee1607b441db89608a73a0c2d1e:11400000,,,,,,,,,,,Ch2_Presentation_Truth,,,341dfdf4dd65468e93a60905bdd045e3:11400000,false,true,"{""version"":1,""type"":""ScenarioSystem.Model.ScenarioData"",""properties"":[]}"
88b6308982e888f1daaf8ae82d5b6803,a9fae7ff9fa3796f756142d04eb31fde,action,ScenarioSystem.Model.Actions.EffectAction,Flash,d794e04a60df749c9961fc3c5b6e1cb2:11400000,,,,,,,,,Flash,0,,,#FFFFFFFF,,,,"{""version"":1,""type"":""ScenarioSystem.Model.Actions.EffectAction"",""properties"":[{""path"":""colorParam"",""kind"":""Color"",""value"":[1.0,1.0,1.0,1.0]}]}"
e168e9d26428c08ed699672d5fbf9462,a9fae7ff9fa3796f756142d04eb31fde,action,ScenarioSystem.Model.Actions.DialogueAction,Ch2_Presentation_Truth,0b31c8d4fdc1b4dd2b4c304de2bc38eb:11400000,ヒイラギ,リドさん。これは、あなたが生きていた場所の葉です。あなたは……ワタリドリではありませんでした。,174500ec22662be46b815ee34892036d:21300000,,,Center,0,Default,,,block_2,,,,,,"{""version"":1,""type"":""ScenarioSystem.Model.Actions.DialogueAction"",""properties"":[]}"
143baa59da9369d4508bab8509be4fe6,a9fae7ff9fa3796f756142d04eb31fde,action,ScenarioSystem.Model.Actions.DialogueAction,Ch2_Presentation_Truth,0b31c8d4fdc1b4dd2b4c304de2bc38eb:11400000,リド,……ボクは鳥じゃなかった。ただの、惨めな虫だったんだね。,4b3a70eb92a7f7149b01cc2968185357:21300000,,,Center,0,Default,,,block_2,,,,,,"{""version"":1,""type"":""ScenarioSystem.Model.Actions.DialogueAction"",""properties"":[]}"
77fd037bf0f549d027d49127f31ad558,a9fae7ff9fa3796f756142d04eb31fde,action,ScenarioSystem.Model.Actions.DialogueAction,Ch2_Presentation_Truth,0b31c8d4fdc1b4dd2b4c304de2bc38eb:11400000,リド,鳥に怯え、鳥に喰われて死んだ、ただの虫……。,4b3a70eb92a7f7149b01cc2968185357:21300000,,,Center,0,Default,,,block_2,,,,,,"{""version"":1,""type"":""ScenarioSystem.Model.Actions.DialogueAction"",""properties"":[]}"
973baefd181e2c2efc887aeea55bc818,a9fae7ff9fa3796f756142d04eb31fde,action,ScenarioSystem.Model.Actions.DialogueAction,Ch2_Presentation_Truth,0b31c8d4fdc1b4dd2b4c304de2bc38eb:11400000,ヒイラギ,でも、空に憧れた気持ちは嘘じゃありません。怖かったことも、惨めだったことも、あなたの一部です。,174500ec22662be46b815ee34892036d:21300000,,,Center,0,Default,,,block_2,,,,,,"{""version"":1,""type"":""ScenarioSystem.Model.Actions.DialogueAction"",""properties"":[]}"
db4a1eb870fc7bda428bb133205d30eb,a9fae7ff9fa3796f756142d04eb31fde,action,ScenarioSystem.Model.Actions.DialogueAction,Ch2_Presentation_Truth,0b31c8d4fdc1b4dd2b4c304de2bc38eb:11400000,リド,でも……不思議と、もうあのジメジメした森が怖くないや。,4b3a70eb92a7f7149b01cc2968185357:21300000,ffe0f79a1be1bc745ba03d7de9427399:-3590566777017096083,,Center,0,Default,,,block_2,,,,,,"{""version"":1,""type"":""ScenarioSystem.Model.Actions.DialogueAction"",""properties"":[]}"
80724858ee97f02215f719ecb9e338dc,a9fae7ff9fa3796f756142d04eb31fde,action,ScenarioSystem.Model.Actions.DialogueAction,Ch2_Presentation_Truth,0b31c8d4fdc1b4dd2b4c304de2bc38eb:11400000,リド,ありがと、お姉さん。次は……次は優しい嘘じゃなくて、本当に、自分の翼で、あの広い空を飛んでみせるよ。,18f1e5e075c94174f8da7df44219d63f:21300000,8f6b3314d28181b40888c6cece606878:21300000,,Center,0,Default,,,block_2,,,,,,"{""version"":1,""type"":""ScenarioSystem.Model.Actions.DialogueAction"",""properties"":[]}"
2812499682412e25c52bec15bdbb8b4f,a9fae7ff9fa3796f756142d04eb31fde,action,ScenarioSystem.Model.Actions.DialogueAction,Ch2_Presentation_Truth,0b31c8d4fdc1b4dd2b4c304de2bc38eb:11400000,カチョウ,魂の歪みは抜けた。ロスはほとんどない。……上出来だ。,13979ae4426a346a99d92c1682e2c956:21300000,,,Center,0,Default,,,block_2,,,,,,"{""version"":1,""type"":""ScenarioSystem.Model.Actions.DialogueAction"",""properties"":[]}"
152bbaa1188e2cbd59bfc031bdadcef0,,scenario,ScenarioSystem.Model.ScenarioData,Ch2_Prologue,78e7edfc6d46759489275882ff312119:11400000,,,,,,,,,,,Ch2_Story,,,,false,true,"{""version"":1,""type"":""ScenarioSystem.Model.ScenarioData"",""properties"":[]}"
e0ea8936ff315d8617e1647128f368af,152bbaa1188e2cbd59bfc031bdadcef0,action,ScenarioSystem.Model.Actions.DialogueAction,Ch2_Prologue,7a641b1e8d1c7d447a33b04df16617e0:11400000,カチョウ,...さて、こんなところかね。,13979ae4426a346a99d92c1682e2c956:21300000,,,Center,0,Default,,,block_1,,,,,,"{""version"":1,""type"":""ScenarioSystem.Model.Actions.DialogueAction"",""properties"":[]}"
17e322573cb957283bfd25330e25d201,152bbaa1188e2cbd59bfc031bdadcef0,action,ScenarioSystem.Model.Actions.DialogueAction,Ch2_Prologue,7a641b1e8d1c7d447a33b04df16617e0:11400000,ヒイラギ,うぅ....むずかしい....,a3a23cdd243ef5d4582280f5a9d0c6e1:21300000,,,Center,0,Default,,,block_1,,,,,,"{""version"":1,""type"":""ScenarioSystem.Model.Actions.DialogueAction"",""properties"":[]}"
f3e5818b430a614732d44c58dfd185f7,152bbaa1188e2cbd59bfc031bdadcef0,action,ScenarioSystem.Model.Actions.DialogueAction,Ch2_Prologue,7a641b1e8d1c7d447a33b04df16617e0:11400000,カチョウ,あとは実際にナクシビトに対応できると良いんだが....,3e9209ca9223746229eb325d4a7984f9:21300000,,,Center,0,Default,,,block_1,,,,,,"{""version"":1,""type"":""ScenarioSystem.Model.Actions.DialogueAction"",""properties"":[]}"
21752d1d2a1300158cd30a10aea4f0f1,152bbaa1188e2cbd59bfc031bdadcef0,action,ScenarioSystem.Model.Actions.DialogueAction,Ch2_Prologue,7a641b1e8d1c7d447a33b04df16617e0:11400000,ヒイラギ,で、でもそんな都合よく現れたり....,a3a23cdd243ef5d4582280f5a9d0c6e1:21300000,,,Center,0,Default,,,block_1,,,,,,"{""version"":1,""type"":""ScenarioSystem.Model.Actions.DialogueAction"",""properties"":[]}"
afd650e3cf3aa086fb82e7590f68a302,152bbaa1188e2cbd59bfc031bdadcef0,action,ScenarioSystem.Model.Actions.DialogueAction,Ch2_Prologue,7a641b1e8d1c7d447a33b04df16617e0:11400000,？？？,あの....「遺失物管理課」はここですか...？,4b3a70eb92a7f7149b01cc2968185357:21300000,,,Center,0,Default,,,block_1,,,,,,"{""version"":1,""type"":""ScenarioSystem.Model.Actions.DialogueAction"",""properties"":[]}"
ff1a00eb388391cbc18b97d8e1d4dba1,152bbaa1188e2cbd59bfc031bdadcef0,action,ScenarioSystem.Model.Actions.DialogueAction,Ch2_Prologue,7a641b1e8d1c7d447a33b04df16617e0:11400000,ヒイラギ,するんだ....。,f3f65e03f4cbec441b408057920c5ed9:21300000,,,Center,0,Default,,,block_1,,,,,,"{""version"":1,""type"":""ScenarioSystem.Model.Actions.DialogueAction"",""properties"":[]}"
3d853918d04a924165b9312433cba658,152bbaa1188e2cbd59bfc031bdadcef0,action,ScenarioSystem.Model.Actions.DialogueAction,Ch2_Prologue,7a641b1e8d1c7d447a33b04df16617e0:11400000,カチョウ,....丁度いい。お前がやってみるんだ。,13979ae4426a346a99d92c1682e2c956:21300000,,,Center,0,Default,,,block_1,,,,,,"{""version"":1,""type"":""ScenarioSystem.Model.Actions.DialogueAction"",""properties"":[]}"
79808fdc875c76fa1d58d7badc61cc6e,152bbaa1188e2cbd59bfc031bdadcef0,action,ScenarioSystem.Model.Actions.DialogueAction,Ch2_Prologue,7a641b1e8d1c7d447a33b04df16617e0:11400000,カチョウ,アタシは裏でガソリンでも飲んでるよ。,13979ae4426a346a99d92c1682e2c956:21300000,,,Center,0,Default,,,block_1,,,,,,"{""version"":1,""type"":""ScenarioSystem.Model.Actions.DialogueAction"",""properties"":[]}"
ac815fbf68fa7c43f8607ed5155375df,152bbaa1188e2cbd59bfc031bdadcef0,action,ScenarioSystem.Model.Actions.DialogueAction,Ch2_Prologue,7a641b1e8d1c7d447a33b04df16617e0:11400000,カチョウ,せいぜい頑張りな。,3e9209ca9223746229eb325d4a7984f9:21300000,,,Center,0,Default,,,block_1,,,,,,"{""version"":1,""type"":""ScenarioSystem.Model.Actions.DialogueAction"",""properties"":[]}"
d2cd04592d495c2e1bff00a733dcf9cd,152bbaa1188e2cbd59bfc031bdadcef0,action,ScenarioSystem.Model.Actions.DialogueAction,Ch2_Prologue,7a641b1e8d1c7d447a33b04df16617e0:11400000,ヒイラギ,（うぅ...できるかな...）,f3f65e03f4cbec441b408057920c5ed9:21300000,,,Center,0,Default,,,block_1,,,,,,"{""version"":1,""type"":""ScenarioSystem.Model.Actions.DialogueAction"",""properties"":[]}"
6c9814ca70da2dc28a2d562ff288625e,152bbaa1188e2cbd59bfc031bdadcef0,action,ScenarioSystem.Model.Actions.DialogueAction,Ch2_Prologue,7a641b1e8d1c7d447a33b04df16617e0:11400000,ヒイラギ,（でも命を助けられた？からにはやるしかない...）,a3a23cdd243ef5d4582280f5a9d0c6e1:21300000,,,Center,0,Default,,,block_1,,,,,,"{""version"":1,""type"":""ScenarioSystem.Model.Actions.DialogueAction"",""properties"":[]}"
22c2cb0489d20b0eb22fe54807edbda0,152bbaa1188e2cbd59bfc031bdadcef0,action,ScenarioSystem.Model.Actions.OverlayAction,Ch1_Overlay_01,7c5d188470b449a448542f128b4861f6:11400000,System,"キーワードは、台詞にカーソルを合わせると見つけ出すことができます。
カーソルを合わせた状態で長押しすることで、キーワードを取得することができます。",,,,Center,,,,0,,,,,,,"{""version"":1,""type"":""ScenarioSystem.Model.Actions.OverlayAction"",""properties"":[]}"
a13fa1aa5f49b3b1b46721f79993da52,152bbaa1188e2cbd59bfc031bdadcef0,action,ScenarioSystem.Model.Actions.OverlayAction,Ch1_Overlay_02,a7f0843314d2109499fc7d7b9f5f1c54:11400000,System,「対話開始」ボタンを押して会話を始めます,,,,Center,,,,0,,,,,,,"{""version"":1,""type"":""ScenarioSystem.Model.Actions.OverlayAction"",""properties"":[]}"
363707a5b2a87cf02ee392103882a053,152bbaa1188e2cbd59bfc031bdadcef0,action,ScenarioSystem.Model.Actions.ProgressUpdateAction,AdvancePhase,b2015826a2bc54834a2a1f0904f1a0de:11400000,,,,,,,,,,,,,,,,,"{""version"":1,""type"":""ScenarioSystem.Model.Actions.ProgressUpdateAction"",""properties"":[{""path"":""actionType"",""kind"":""Enum"",""value"":0},{""path"":""targetChapter"",""kind"":""Integer"",""value"":1},{""path"":""targetPhase"",""kind"":""Enum"",""value"":1}]}"
608ac50a3b22de219eb20eceecc892ea,152bbaa1188e2cbd59bfc031bdadcef0,action,ScenarioSystem.Model.Actions.SceneTransitionAction,ToMain,4a361141615285749a6c37547eb33258:11400000,,,,,,,,,,,,,,,,,"{""version"":1,""type"":""ScenarioSystem.Model.Actions.SceneTransitionAction"",""properties"":[{""path"":""targetSceneName"",""kind"":""String"",""value"":""Main""},{""path"":""useChapterSelect"",""kind"":""Boolean"",""value"":false}]}"
e19b02a07df08b82bca10cc095cf9d06,,sequence,System_Script.Flow.StorySequence,Ch1_ToMemorizeScene,cad9efc2b74464f01b7a0711246e347e:11400000,,,,,,,,,,,,,,,,,"{""version"":1,""type"":""System_Script.Flow.StorySequence"",""properties"":[]}"
40f90a65e8435dcb7443dff344832c73,e19b02a07df08b82bca10cc095cf9d06,step,System_Script.Flow.ScenarioTalkStep,Ch1_ExtractionComplete,d63dbd02c673b6c4f9b54775c6e2a8e9:11400000,,,,,,,,,,,,,,,,,"{""version"":1,""type"":""System_Script.Flow.ScenarioTalkStep"",""properties"":[{""path"":""scenario"",""kind"":""ObjectReference"",""value"":""d964098afbe004c118029d6d9d72ad8c:11400000""}]}"
823b9e17a391157590361d8a57e7bf7b,e19b02a07df08b82bca10cc095cf9d06,step,System_Script.Flow.SceneLoadStep,ToMemorize,cbd759972052b4c539dc9cd3f6710507:11400000,,,,,,,,,,,,,,,,,"{""version"":1,""type"":""System_Script.Flow.SceneLoadStep"",""properties"":[{""path"":""sceneName"",""kind"":""String"",""value"":""Memorize""},{""path"":""useSceneTransition"",""kind"":""Boolean"",""value"":true},{""path"":""useSimpleFade"",""kind"":""Boolean"",""value"":false}]}"
3561d8e1350d111e6432afb24b09bd41,,sequence,System_Script.Flow.StorySequence,Ch2_ToMemorizeScene,452c461ba49e747f69f04c9220ce0970:11400000,,,,,,,,,,,,,,,,,"{""version"":1,""type"":""System_Script.Flow.StorySequence"",""properties"":[]}"
212e0f92540586d62cec1b1f22f0bdd3,3561d8e1350d111e6432afb24b09bd41,step,System_Script.Flow.ScenarioTalkStep,Ch2_ExtractionComplete,beddc3d35fa24146a5a8679d3ab0ef93:11400000,,,,,,,,,,,,,,,,,"{""version"":1,""type"":""System_Script.Flow.ScenarioTalkStep"",""properties"":[{""path"":""scenario"",""kind"":""ObjectReference"",""value"":""9c23bc9fd9b56d940a1bef5aa18423bc:11400000""}]}"
897c763ffe6cffb7d924a6e6e6d2e04b,3561d8e1350d111e6432afb24b09bd41,step,System_Script.Flow.SceneLoadStep,ToMemorize,cbd759972052b4c539dc9cd3f6710507:11400000,,,,,,,,,,,,,,,,,"{""version"":1,""type"":""System_Script.Flow.SceneLoadStep"",""properties"":[{""path"":""sceneName"",""kind"":""String"",""value"":""Memorize""},{""path"":""useSceneTransition"",""kind"":""Boolean"",""value"":true},{""path"":""useSimpleFade"",""kind"":""Boolean"",""value"":false}]}"
a20a26304464582f0336fb1e99c4d0fd,,sequence,System_Script.Flow.StorySequence,EX_Clear,a095fb6fe073adb479191830923ca051:11400000,,,,,,,,,,,,,,,,,"{""version"":1,""type"":""System_Script.Flow.StorySequence"",""properties"":[]}"
fad79fe5c0d0221d422215b42faad7c4,a20a26304464582f0336fb1e99c4d0fd,step,$missing,参照切れ（スキップ）,,,,,,,,,,,,,,,,,,"{""fileID"":11400000,""guid"":""482daf60624a1794280e611caa5dcd03"",""type"":2}"
643e3a2323ffd47bd2477be8aa9b78cb,,flow,System_Script.Flow.ScenarioFlowCatalog,ScenarioFlowCatalog,1d9b00655a3c49245ad6d870fcd09606:11400000,,,,,,,,,,,,,,,,,"{""version"":1,""type"":""System_Script.Flow.ScenarioFlowCatalog"",""properties"":[{""path"":""startingSequence"",""kind"":""ObjectReference"",""value"":""cad9efc2b74464f01b7a0711246e347e:11400000""},{""path"":""overrideSequences"",""kind"":""Array"",""value"":2},{""path"":""overrideSequences.Array.data[0].targetChapter"",""kind"":""Integer"",""value"":1},{""path"":""overrideSequences.Array.data[0].targetPhase"",""kind"":""Enum"",""value"":2},{""path"":""overrideSequences.Array.data[0].sequence"",""kind"":""ObjectReference"",""value"":""cad9efc2b74464f01b7a0711246e347e:11400000""},{""path"":""overrideSequences.Array.data[1].targetChapter"",""kind"":""Integer"",""value"":2},{""path"":""overrideSequences.Array.data[1].targetPhase"",""kind"":""Enum"",""value"":2},{""path"":""overrideSequences.Array.data[1].sequence"",""kind"":""ObjectReference"",""value"":""452c461ba49e747f69f04c9220ce0970:11400000""}]}"
